Workbook
Name DENAH: #REF!
Name DENAH_MSKU: #REF!
Name DENAH_NAMA: #REF!
Name DENAH_RAK: #REF!
Name DENAH_QTY: #REF!

Sheet Jadwal
A1: No. | B1: Nama Unit | C1: Kode SKU | D1: Tanggal Order | E1: Estimasi Datang | F1: Qty | G1: Harga Beli | H1: Status | I1: Keterangan
A2: =IF(B2<>"",ROW(B2)-ROW($B$1),"") -> 1 | B2: PH METER | C2: {=IFS(B2="","",COUNTIF('Master Barang'!B:B,B2)=0,SUBSTITUTE(TRIM(B2)," ","-"),COUNTIF('Master Barang'!B:B,B2)=1,XLOOKUP(B2,'Master Barang'!B:B,'Master Barang'!C:C,,,1))} -> 009B/PHMETER | D2: 45748 | E2: 45752 | F2: 20 | G2: 150000 | H2: Closed | I2: =IFERROR(__xludf.DUMMYFUNCTION("if(OR(B2="""",E2=""""),"""", LET( Nama, B2, SKU, C2, Estimasi, E2, QtyOrder, F2, FilterTrans, FILTER( Transaksi!B:H, Transaksi!F:F=""Barang Datang"", Transaksi!D:D=Nama, Transaksi!E:E=SKU ), TotalDatang, IFERROR(SUM(IND"&"EX(FilterTrans,,7)), 0), TanggalDatang, IFERROR(MAX(INDEX(FilterTrans,,1)), 0), SelisihQty, QtyOrder-TotalDatang, SelisihHari, TanggalDatang-Estimasi, KeteranganQty, IF(SelisihQty=0, ""Oke"", IF(SelisihQty>0, ""Kurang "" & SelisihQty & "&""" pcs"", ""Lebih "" & ABS(SelisihQty) & "" pcs"")), KeteranganHari, IF(TanggalDatang=0, ""Belum datang"", IF(SelisihHari=0, """", IF(SelisihHari>0, ""Terlambat "" & SelisihHari & "" hari"", ""Lebih cepat "" & ABS(SelisihHari) & """&" hari""))), Hasil, IF(TanggalDatang=0, KeteranganHari, IF(AND(SelisihQty=0, SelisihHari=0), ""Oke"", IF(SelisihQty=0, KeteranganHari, IF(SelisihHari=0, KeteranganQty, KeteranganHari & "" dengan "" & LOWER(KeteranganQty))))), Hasi"&"l ))"),"Oke") -> Oke
A3: =IF(B3<>"",ROW(B3)-ROW($B$1),"") -> 2 | B3: VALVE | C3: {=IFS(B3="","",COUNTIF('Master Barang'!B:B,B3)=0,SUBSTITUTE(TRIM(B3)," ","-"),COUNTIF('Master Barang'!B:B,B3)=1,XLOOKUP(B3,'Master Barang'!B:B,'Master Barang'!C:C,,,1))} -> 512-FITTING-VALVE | D3: 45749 | E3: 45754 | F3: 50 | G3: 35000 | H3: Open | I3: =IFERROR(__xludf.DUMMYFUNCTION("if(OR(B3="""",E3=""""),"""", LET( Nama, B3, SKU, C3, Estimasi, E3, QtyOrder, F3, FilterTrans, FILTER( Transaksi!B:H, Transaksi!F:F=""Barang Datang"", Transaksi!D:D=Nama, Transaksi!E:E=SKU ), TotalDatang, IFERROR(SUM(IND"&"EX(FilterTrans,,7)), 0), TanggalDatang, IFERROR(MAX(INDEX(FilterTrans,,1)), 0), SelisihQty, QtyOrder-TotalDatang, SelisihHari, TanggalDatang-Estimasi, KeteranganQty, IF(SelisihQty=0, ""Oke"", IF(SelisihQty>0, ""Kurang "" & SelisihQty & "&""" pcs"", ""Lebih "" & ABS(SelisihQty) & "" pcs"")), KeteranganHari, IF(TanggalDatang=0, ""Belum datang"", IF(SelisihHari=0, """", IF(SelisihHari>0, ""Terlambat "" & SelisihHari & "" hari"", ""Lebih cepat "" & ABS(SelisihHari) & """&" hari""))), Hasil, IF(TanggalDatang=0, KeteranganHari, IF(AND(SelisihQty=0, SelisihHari=0), ""Oke"", IF(SelisihQty=0, KeteranganHari, IF(SelisihHari=0, KeteranganQty, KeteranganHari & "" dengan "" & LOWER(KeteranganQty))))), Hasi"&"l ))"),"Belum datang") -> Belum datang
A4: =IF(B4<>"",ROW(B4)-ROW($B$1),"") -> 3 | B4: TIES 10 HITAM | C4: {=IFS(B4="","",COUNTIF('Master Barang'!B:B,B4)=0,SUBSTITUTE(TRIM(B4)," ","-"),COUNTIF('Master Barang'!B:B,B4)=1,XLOOKUP(B4,'Master Barang'!B:B,'Master Barang'!C:C,,,1))} -> 001C/TIES-10-HITAM | D4: 45750 | E4: 45755 | F4: 100 | G4: 18000 | H4: Open | I4: =IFERROR(__xludf.DUMMYFUNCTION("if(OR(B4="""",E4=""""),"""", LET( Nama, B4, SKU, C4, Estimasi, E4, QtyOrder, F4, FilterTrans, FILTER( Transaksi!B:H, Transaksi!F:F=""Barang Datang"", Transaksi!D:D=Nama, Transaksi!E:E=SKU ), TotalDatang, IFERROR(SUM(IND"&"EX(FilterTrans,,7)), 0), TanggalDatang, IFERROR(MAX(INDEX(FilterTrans,,1)), 0), SelisihQty, QtyOrder-TotalDatang, SelisihHari, TanggalDatang-Estimasi, KeteranganQty, IF(SelisihQty=0, ""Oke"", IF(SelisihQty>0, ""Kurang "" & SelisihQty & "&""" pcs"", ""Lebih "" & ABS(SelisihQty) & "" pcs"")), KeteranganHari, IF(TanggalDatang=0, ""Belum datang"", IF(SelisihHari=0, """", IF(SelisihHari>0, ""Terlambat "" & SelisihHari & "" hari"", ""Lebih cepat "" & ABS(SelisihHari) & """&" hari""))), Hasil, IF(TanggalDatang=0, KeteranganHari, IF(AND(SelisihQty=0, SelisihHari=0), ""Oke"", IF(SelisihQty=0, KeteranganHari, IF(SelisihHari=0, KeteranganQty, KeteranganHari & "" dengan "" & LOWER(KeteranganQty))))), Hasi"&"l ))"),"Belum datang") -> Belum datang
A5: =IF(B5<>"",ROW(B5)-ROW($B$1),"") -> 4 | B5: SIGMAT | C5: {=IFS(B5="","",COUNTIF('Master Barang'!B:B,B5)=0,SUBSTITUTE(TRIM(B5)," ","-"),COUNTIF('Master Barang'!B:B,B5)=1,XLOOKUP(B5,'Master Barang'!B:B,'Master Barang'!C:C,,,1))} -> 014B/SIGMAT | D5: 45752 | E5: 45757 | F5: 30 | G5: 25000 | H5: Open | I5: =IFERROR(__xludf.DUMMYFUNCTION("if(OR(B5="""",E5=""""),"""", LET( Nama, B5, SKU, C5, Estimasi, E5, QtyOrder, F5, FilterTrans, FILTER( Transaksi!B:H, Transaksi!F:F=""Barang Datang"", Transaksi!D:D=Nama, Transaksi!E:E=SKU ), TotalDatang, IFERROR(SUM(IND"&"EX(FilterTrans,,7)), 0), TanggalDatang, IFERROR(MAX(INDEX(FilterTrans,,1)), 0), SelisihQty, QtyOrder-TotalDatang, SelisihHari, TanggalDatang-Estimasi, KeteranganQty, IF(SelisihQty=0, ""Oke"", IF(SelisihQty>0, ""Kurang "" & SelisihQty & "&""" pcs"", ""Lebih "" & ABS(SelisihQty) & "" pcs"")), KeteranganHari, IF(TanggalDatang=0, ""Belum datang"", IF(SelisihHari=0, """", IF(SelisihHari>0, ""Terlambat "" & SelisihHari & "" hari"", ""Lebih cepat "" & ABS(SelisihHari) & """&" hari""))), Hasil, IF(TanggalDatang=0, KeteranganHari, IF(AND(SelisihQty=0, SelisihHari=0), ""Oke"", IF(SelisihQty=0, KeteranganHari, IF(SelisihHari=0, KeteranganQty, KeteranganHari & "" dengan "" & LOWER(KeteranganQty))))), Hasi"&"l ))"),"Belum datang") -> Belum datang
A6: =IF(B6<>"",ROW(B6)-ROW($B$1),"") -> 5 | B6: KENI | C6: {=IFS(B6="","",COUNTIF('Master Barang'!B:B,B6)=0,SUBSTITUTE(TRIM(B6)," ","-"),COUNTIF('Master Barang'!B:B,B6)=1,XLOOKUP(B6,'Master Barang'!B:B,'Master Barang'!C:C,,,1))} -> 510-FITTING-KENI | D6: 45754 | E6: 45759 | F6: 75 | G6: 30000 | H6: Open | I6: =IFERROR(__xludf.DUMMYFUNCTION("if(OR(B6="""",E6=""""),"""", LET( Nama, B6, SKU, C6, Estimasi, E6, QtyOrder, F6, FilterTrans, FILTER( Transaksi!B:H, Transaksi!F:F=""Barang Datang"", Transaksi!D:D=Nama, Transaksi!E:E=SKU ), TotalDatang, IFERROR(SUM(IND"&"EX(FilterTrans,,7)), 0), TanggalDatang, IFERROR(MAX(INDEX(FilterTrans,,1)), 0), SelisihQty, QtyOrder-TotalDatang, SelisihHari, TanggalDatang-Estimasi, KeteranganQty, IF(SelisihQty=0, ""Oke"", IF(SelisihQty>0, ""Kurang "" & SelisihQty & "&""" pcs"", ""Lebih "" & ABS(SelisihQty) & "" pcs"")), KeteranganHari, IF(TanggalDatang=0, ""Belum datang"", IF(SelisihHari=0, """", IF(SelisihHari>0, ""Terlambat "" & SelisihHari & "" hari"", ""Lebih cepat "" & ABS(SelisihHari) & """&" hari""))), Hasil, IF(TanggalDatang=0, KeteranganHari, IF(AND(SelisihQty=0, SelisihHari=0), ""Oke"", IF(SelisihQty=0, KeteranganHari, IF(SelisihHari=0, KeteranganQty, KeteranganHari & "" dengan "" & LOWER(KeteranganQty))))), Hasi"&"l ))"),"Belum datang") -> Belum datang
A7: =IF(B7<>"",ROW(B7)-ROW($B$1),"") -> 6 | B7: TORCH 733 | C7: {=IFS(B7="","",COUNTIF('Master Barang'!B:B,B7)=0,SUBSTITUTE(TRIM(B7)," ","-"),COUNTIF('Master Barang'!B:B,B7)=1,XLOOKUP(B7,'Master Barang'!B:B,'Master Barang'!C:C,,,1))} -> 016B/TORCH-733 | D7: 45757 | E7: 45762 | F7: 15 | G7: 200000 | H7: Open | I7: =IFERROR(__xludf.DUMMYFUNCTION("if(OR(B7="""",E7=""""),"""", LET( Nama, B7, SKU, C7, Estimasi, E7, QtyOrder, F7, FilterTrans, FILTER( Transaksi!B:H, Transaksi!F:F=""Barang Datang"", Transaksi!D:D=Nama, Transaksi!E:E=SKU ), TotalDatang, IFERROR(SUM(IND"&"EX(FilterTrans,,7)), 0), TanggalDatang, IFERROR(MAX(INDEX(FilterTrans,,1)), 0), SelisihQty, QtyOrder-TotalDatang, SelisihHari, TanggalDatang-Estimasi, KeteranganQty, IF(SelisihQty=0, ""Oke"", IF(SelisihQty>0, ""Kurang "" & SelisihQty & "&""" pcs"", ""Lebih "" & ABS(SelisihQty) & "" pcs"")), KeteranganHari, IF(TanggalDatang=0, ""Belum datang"", IF(SelisihHari=0, """", IF(SelisihHari>0, ""Terlambat "" & SelisihHari & "" hari"", ""Lebih cepat "" & ABS(SelisihHari) & """&" hari""))), Hasil, IF(TanggalDatang=0, KeteranganHari, IF(AND(SelisihQty=0, SelisihHari=0), ""Oke"", IF(SelisihQty=0, KeteranganHari, IF(SelisihHari=0, KeteranganQty, KeteranganHari & "" dengan "" & LOWER(KeteranganQty))))), Hasi"&"l ))"),"Belum datang") -> Belum datang
A8: =IF(B8<>"",ROW(B8)-ROW($B$1),"") -> 7 | B8: SARUNG TANGAN | C8: {=IFS(B8="","",COUNTIF('Master Barang'!B:B,B8)=0,SUBSTITUTE(TRIM(B8)," ","-"),COUNTIF('Master Barang'!B:B,B8)=1,XLOOKUP(B8,'Master Barang'!B:B,'Master Barang'!C:C,,,1))} -> 901-SARUNGTANGAN | D8: 45759 | E8: 45764 | F8: 60 | G8: 20000 | H8: Open | I8: =IFERROR(__xludf.DUMMYFUNCTION("if(OR(B8="""",E8=""""),"""", LET( Nama, B8, SKU, C8, Estimasi, E8, QtyOrder, F8, FilterTrans, FILTER( Transaksi!B:H, Transaksi!F:F=""Barang Datang"", Transaksi!D:D=Nama, Transaksi!E:E=SKU ), TotalDatang, IFERROR(SUM(IND"&"EX(FilterTrans,,7)), 0), TanggalDatang, IFERROR(MAX(INDEX(FilterTrans,,1)), 0), SelisihQty, QtyOrder-TotalDatang, SelisihHari, TanggalDatang-Estimasi, KeteranganQty, IF(SelisihQty=0, ""Oke"", IF(SelisihQty>0, ""Kurang "" & SelisihQty & "&""" pcs"", ""Lebih "" & ABS(SelisihQty) & "" pcs"")), KeteranganHari, IF(TanggalDatang=0, ""Belum datang"", IF(SelisihHari=0, """", IF(SelisihHari>0, ""Terlambat "" & SelisihHari & "" hari"", ""Lebih cepat "" & ABS(SelisihHari) & """&" hari""))), Hasil, IF(TanggalDatang=0, KeteranganHari, IF(AND(SelisihQty=0, SelisihHari=0), ""Oke"", IF(SelisihQty=0, KeteranganHari, IF(SelisihHari=0, KeteranganQty, KeteranganHari & "" dengan "" & LOWER(KeteranganQty))))), Hasi"&"l ))"),"Belum datang") -> Belum datang
A9: =IF(B9<>"",ROW(B9)-ROW($B$1),"") -> 8 | B9: TIES SS 30 | C9: {=IFS(B9="","",COUNTIF('Master Barang'!B:B,B9)=0,SUBSTITUTE(TRIM(B9)," ","-"),COUNTIF('Master Barang'!B:B,B9)=1,XLOOKUP(B9,'Master Barang'!B:B,'Master Barang'!C:C,,,1))} -> 221-TIES-SS-30 | D9: 45762 | E9: 45767 | F9: 40 | G9: 40000 | H9: Open | I9: =IFERROR(__xludf.DUMMYFUNCTION("if(OR(B9="""",E9=""""),"""", LET( Nama, B9, SKU, C9, Estimasi, E9, QtyOrder, F9, FilterTrans, FILTER( Transaksi!B:H, Transaksi!F:F=""Barang Datang"", Transaksi!D:D=Nama, Transaksi!E:E=SKU ), TotalDatang, IFERROR(SUM(IND"&"EX(FilterTrans,,7)), 0), TanggalDatang, IFERROR(MAX(INDEX(FilterTrans,,1)), 0), SelisihQty, QtyOrder-TotalDatang, SelisihHari, TanggalDatang-Estimasi, KeteranganQty, IF(SelisihQty=0, ""Oke"", IF(SelisihQty>0, ""Kurang "" & SelisihQty & "&""" pcs"", ""Lebih "" & ABS(SelisihQty) & "" pcs"")), KeteranganHari, IF(TanggalDatang=0, ""Belum datang"", IF(SelisihHari=0, """", IF(SelisihHari>0, ""Terlambat "" & SelisihHari & "" hari"", ""Lebih cepat "" & ABS(SelisihHari) & """&" hari""))), Hasil, IF(TanggalDatang=0, KeteranganHari, IF(AND(SelisihQty=0, SelisihHari=0), ""Oke"", IF(SelisihQty=0, KeteranganHari, IF(SelisihHari=0, KeteranganQty, KeteranganHari & "" dengan "" & LOWER(KeteranganQty))))), Hasi"&"l ))"),"Belum datang") -> Belum datang
A10: =IF(B10<>"",ROW(B10)-ROW($B$1),"") -> 9 | B10: JUMBO 1/2 PVC | C10: {=IFS(B10="","",COUNTIF('Master Barang'!B:B,B10)=0,SUBSTITUTE(TRIM(B10)," ","-"),COUNTIF('Master Barang'!B:B,B10)=1,XLOOKUP(B10,'Master Barang'!B:B,'Master Barang'!C:C,,,1))} -> 702-JUMBO-1/2-PVC | D10: 45765 | E10: 45770 | F10: 80 | G10: 8000 | H10: Open | I10: =IFERROR(__xludf.DUMMYFUNCTION("if(OR(B10="""",E10=""""),"""", LET( Nama, B10, SKU, C10, Estimasi, E10, QtyOrder, F10, FilterTrans, FILTER( Transaksi!B:H, Transaksi!F:F=""Barang Datang"", Transaksi!D:D=Nama, Transaksi!E:E=SKU ), TotalDatang, IFERROR(S"&"UM(INDEX(FilterTrans,,7)), 0), TanggalDatang, IFERROR(MAX(INDEX(FilterTrans,,1)), 0), SelisihQty, QtyOrder-TotalDatang, SelisihHari, TanggalDatang-Estimasi, KeteranganQty, IF(SelisihQty=0, ""Oke"", IF(SelisihQty>0, ""Kurang "" & Selisih"&"Qty & "" pcs"", ""Lebih "" & ABS(SelisihQty) & "" pcs"")), KeteranganHari, IF(TanggalDatang=0, ""Belum datang"", IF(SelisihHari=0, """", IF(SelisihHari>0, ""Terlambat "" & SelisihHari & "" hari"", ""Lebih cepat "" & ABS(SelisihHari"&") & "" hari""))), Hasil, IF(TanggalDatang=0, KeteranganHari, IF(AND(SelisihQty=0, SelisihHari=0), ""Oke"", IF(SelisihQty=0, KeteranganHari, IF(SelisihHari=0, KeteranganQty, KeteranganHari & "" dengan "" & LOWER(KeteranganQty))))), "&" Hasil ))"),"Belum datang") -> Belum datang
A11: =IF(B11<>"",ROW(B11)-ROW($B$1),"") -> 10 | B11: CUT KACA | C11: {=IFS(B11="","",COUNTIF('Master Barang'!B:B,B11)=0,SUBSTITUTE(TRIM(B11)," ","-"),COUNTIF('Master Barang'!B:B,B11)=1,XLOOKUP(B11,'Master Barang'!B:B,'Master Barang'!C:C,,,1))} -> 026D/CUT-KACA | D11: 45769 | E11: 45775 | F11: 25 | G11: 12000 | H11: Open | I11: =IFERROR(__xludf.DUMMYFUNCTION("if(OR(B11="""",E11=""""),"""", LET( Nama, B11, SKU, C11, Estimasi, E11, QtyOrder, F11, FilterTrans, FILTER( Transaksi!B:H, Transaksi!F:F=""Barang Datang"", Transaksi!D:D=Nama, Transaksi!E:E=SKU ), TotalDatang, IFERROR(S"&"UM(INDEX(FilterTrans,,7)), 0), TanggalDatang, IFERROR(MAX(INDEX(FilterTrans,,1)), 0), SelisihQty, QtyOrder-TotalDatang, SelisihHari, TanggalDatang-Estimasi, KeteranganQty, IF(SelisihQty=0, ""Oke"", IF(SelisihQty>0, ""Kurang "" & Selisih"&"Qty & "" pcs"", ""Lebih "" & ABS(SelisihQty) & "" pcs"")), KeteranganHari, IF(TanggalDatang=0, ""Belum datang"", IF(SelisihHari=0, """", IF(SelisihHari>0, ""Terlambat "" & SelisihHari & "" hari"", ""Lebih cepat "" & ABS(SelisihHari"&") & "" hari""))), Hasil, IF(TanggalDatang=0, KeteranganHari, IF(AND(SelisihQty=0, SelisihHari=0), ""Oke"", IF(SelisihQty=0, KeteranganHari, IF(SelisihHari=0, KeteranganQty, KeteranganHari & "" dengan "" & LOWER(KeteranganQty))))), "&" Hasil ))"),"Belum datang") -> Belum datang
A12: =IF(B12<>"",ROW(B12)-ROW($B$1),"") | C12: {=IFS(B12="","",COUNTIF('Master Barang'!B:B,B12)=0,SUBSTITUTE(TRIM(B12)," ","-"),COUNTIF('Master Barang'!B:B,B12)=1,XLOOKUP(B12,'Master Barang'!B:B,'Master Barang'!C:C,,,1))} | I12: =IFERROR(__xludf.DUMMYFUNCTION("if(OR(B12="""",E12=""""),"""", LET( Nama, B12, SKU, C12, Estimasi, E12, QtyOrder, F12, FilterTrans, FILTER( Transaksi!B:H, Transaksi!F:F=""Barang Datang"", Transaksi!D:D=Nama, Transaksi!E:E=SKU ), TotalDatang, IFERROR(S"&"UM(INDEX(FilterTrans,,7)), 0), TanggalDatang, IFERROR(MAX(INDEX(FilterTrans,,1)), 0), SelisihQty, QtyOrder-TotalDatang, SelisihHari, TanggalDatang-Estimasi, KeteranganQty, IF(SelisihQty=0, ""Oke"", IF(SelisihQty>0, ""Kurang "" & Selisih"&"Qty & "" pcs"", ""Lebih "" & ABS(SelisihQty) & "" pcs"")), KeteranganHari, IF(TanggalDatang=0, ""Belum datang"", IF(SelisihHari=0, """", IF(SelisihHari>0, ""Terlambat "" & SelisihHari & "" hari"", ""Lebih cepat "" & ABS(SelisihHari"&") & "" hari""))), Hasil, IF(TanggalDatang=0, KeteranganHari, IF(AND(SelisihQty=0, SelisihHari=0), ""Oke"", IF(SelisihQty=0, KeteranganHari, IF(SelisihHari=0, KeteranganQty, KeteranganHari & "" dengan "" & LOWER(KeteranganQty))))), "&" Hasil ))"),"")
A13: =IF(B13<>"",ROW(B13)-ROW($B$1),"") | C13: {=IFS(B13="","",COUNTIF('Master Barang'!B:B,B13)=0,SUBSTITUTE(TRIM(B13)," ","-"),COUNTIF('Master Barang'!B:B,B13)=1,XLOOKUP(B13,'Master Barang'!B:B,'Master Barang'!C:C,,,1))} | I13: =IFERROR(__xludf.DUMMYFUNCTION("if(OR(B13="""",E13=""""),"""", LET( Nama, B13, SKU, C13, Estimasi, E13, QtyOrder, F13, FilterTrans, FILTER( Transaksi!B:H, Transaksi!F:F=""Barang Datang"", Transaksi!D:D=Nama, Transaksi!E:E=SKU ), TotalDatang, IFERROR(S"&"UM(INDEX(FilterTrans,,7)), 0), TanggalDatang, IFERROR(MAX(INDEX(FilterTrans,,1)), 0), SelisihQty, QtyOrder-TotalDatang, SelisihHari, TanggalDatang-Estimasi, KeteranganQty, IF(SelisihQty=0, ""Oke"", IF(SelisihQty>0, ""Kurang "" & Selisih"&"Qty & "" pcs"", ""Lebih "" & ABS(SelisihQty) & "" pcs"")), KeteranganHari, IF(TanggalDatang=0, ""Belum datang"", IF(SelisihHari=0, """", IF(SelisihHari>0, ""Terlambat "" & SelisihHari & "" hari"", ""Lebih cepat "" & ABS(SelisihHari"&") & "" hari""))), Hasil, IF(TanggalDatang=0, KeteranganHari, IF(AND(SelisihQty=0, SelisihHari=0), ""Oke"", IF(SelisihQty=0, KeteranganHari, IF(SelisihHari=0, KeteranganQty, KeteranganHari & "" dengan "" & LOWER(KeteranganQty))))), "&" Hasil ))"),"")
A14: =IF(B14<>"",ROW(B14)-ROW($B$1),"") | C14: {=IFS(B14="","",COUNTIF('Master Barang'!B:B,B14)=0,SUBSTITUTE(TRIM(B14)," ","-"),COUNTIF('Master Barang'!B:B,B14)=1,XLOOKUP(B14,'Master Barang'!B:B,'Master Barang'!C:C,,,1))} | I14: =IFERROR(__xludf.DUMMYFUNCTION("if(OR(B14="""",E14=""""),"""", LET( Nama, B14, SKU, C14, Estimasi, E14, QtyOrder, F14, FilterTrans, FILTER( Transaksi!B:H, Transaksi!F:F=""Barang Datang"", Transaksi!D:D=Nama, Transaksi!E:E=SKU ), TotalDatang, IFERROR(S"&"UM(INDEX(FilterTrans,,7)), 0), TanggalDatang, IFERROR(MAX(INDEX(FilterTrans,,1)), 0), SelisihQty, QtyOrder-TotalDatang, SelisihHari, TanggalDatang-Estimasi, KeteranganQty, IF(SelisihQty=0, ""Oke"", IF(SelisihQty>0, ""Kurang "" & Selisih"&"Qty & "" pcs"", ""Lebih "" & ABS(SelisihQty) & "" pcs"")), KeteranganHari, IF(TanggalDatang=0, ""Belum datang"", IF(SelisihHari=0, """", IF(SelisihHari>0, ""Terlambat "" & SelisihHari & "" hari"", ""Lebih cepat "" & ABS(SelisihHari"&") & "" hari""))), Hasil, IF(TanggalDatang=0, KeteranganHari, IF(AND(SelisihQty=0, SelisihHari=0), ""Oke"", IF(SelisihQty=0, KeteranganHari, IF(SelisihHari=0, KeteranganQty, KeteranganHari & "" dengan "" & LOWER(KeteranganQty))))), "&" Hasil ))"),"")
A15: =IF(B15<>"",ROW(B15)-ROW($B$1),"") | C15: {=IFS(B15="","",COUNTIF('Master Barang'!B:B,B15)=0,SUBSTITUTE(TRIM(B15)," ","-"),COUNTIF('Master Barang'!B:B,B15)=1,XLOOKUP(B15,'Master Barang'!B:B,'Master Barang'!C:C,,,1))} | I15: =IFERROR(__xludf.DUMMYFUNCTION("if(OR(B15="""",E15=""""),"""", LET( Nama, B15, SKU, C15, Estimasi, E15, QtyOrder, F15, FilterTrans, FILTER( Transaksi!B:H, Transaksi!F:F=""Barang Datang"", Transaksi!D:D=Nama, Transaksi!E:E=SKU ), TotalDatang, IFERROR(S"&"UM(INDEX(FilterTrans,,7)), 0), TanggalDatang, IFERROR(MAX(INDEX(FilterTrans,,1)), 0), SelisihQty, QtyOrder-TotalDatang, SelisihHari, TanggalDatang-Estimasi, KeteranganQty, IF(SelisihQty=0, ""Oke"", IF(SelisihQty>0, ""Kurang "" & Selisih"&"Qty & "" pcs"", ""Lebih "" & ABS(SelisihQty) & "" pcs"")), KeteranganHari, IF(TanggalDatang=0, ""Belum datang"", IF(SelisihHari=0, """", IF(SelisihHari>0, ""Terlambat "" & SelisihHari & "" hari"", ""Lebih cepat "" & ABS(SelisihHari"&") & "" hari""))), Hasil, IF(TanggalDatang=0, KeteranganHari, IF(AND(SelisihQty=0, SelisihHari=0), ""Oke"", IF(SelisihQty=0, KeteranganHari, IF(SelisihHari=0, KeteranganQty, KeteranganHari & "" dengan "" & LOWER(KeteranganQty))))), "&" Hasil ))"),"")
A16: =IF(B16<>"",ROW(B16)-ROW($B$1),"") | C16: {=IFS(B16="","",COUNTIF('Master Barang'!B:B,B16)=0,SUBSTITUTE(TRIM(B16)," ","-"),COUNTIF('Master Barang'!B:B,B16)=1,XLOOKUP(B16,'Master Barang'!B:B,'Master Barang'!C:C,,,1))} | I16: =IFERROR(__xludf.DUMMYFUNCTION("if(OR(B16="""",E16=""""),"""", LET( Nama, B16, SKU, C16, Estimasi, E16, QtyOrder, F16, FilterTrans, FILTER( Transaksi!B:H, Transaksi!F:F=""Barang Datang"", Transaksi!D:D=Nama, Transaksi!E:E=SKU ), TotalDatang, IFERROR(S"&"UM(INDEX(FilterTrans,,7)), 0), TanggalDatang, IFERROR(MAX(INDEX(FilterTrans,,1)), 0), SelisihQty, QtyOrder-TotalDatang, SelisihHari, TanggalDatang-Estimasi, KeteranganQty, IF(SelisihQty=0, ""Oke"", IF(SelisihQty>0, ""Kurang "" & Selisih"&"Qty & "" pcs"", ""Lebih "" & ABS(SelisihQty) & "" pcs"")), KeteranganHari, IF(TanggalDatang=0, ""Belum datang"", IF(SelisihHari=0, """", IF(SelisihHari>0, ""Terlambat "" & SelisihHari & "" hari"", ""Lebih cepat "" & ABS(SelisihHari"&") & "" hari""))), Hasil, IF(TanggalDatang=0, KeteranganHari, IF(AND(SelisihQty=0, SelisihHari=0), ""Oke"", IF(SelisihQty=0, KeteranganHari, IF(SelisihHari=0, KeteranganQty, KeteranganHari & "" dengan "" & LOWER(KeteranganQty))))), "&" Hasil ))"),"")
A17: =IF(B17<>"",ROW(B17)-ROW($B$1),"") | C17: {=IFS(B17="","",COUNTIF('Master Barang'!B:B,B17)=0,SUBSTITUTE(TRIM(B17)," ","-"),COUNTIF('Master Barang'!B:B,B17)=1,XLOOKUP(B17,'Master Barang'!B:B,'Master Barang'!C:C,,,1))} | I17: =IFERROR(__xludf.DUMMYFUNCTION("if(OR(B17="""",E17=""""),"""", LET( Nama, B17, SKU, C17, Estimasi, E17, QtyOrder, F17, FilterTrans, FILTER( Transaksi!B:H, Transaksi!F:F=""Barang Datang"", Transaksi!D:D=Nama, Transaksi!E:E=SKU ), TotalDatang, IFERROR(S"&"UM(INDEX(FilterTrans,,7)), 0), TanggalDatang, IFERROR(MAX(INDEX(FilterTrans,,1)), 0), SelisihQty, QtyOrder-TotalDatang, SelisihHari, TanggalDatang-Estimasi, KeteranganQty, IF(SelisihQty=0, ""Oke"", IF(SelisihQty>0, ""Kurang "" & Selisih"&"Qty & "" pcs"", ""Lebih "" & ABS(SelisihQty) & "" pcs"")), KeteranganHari, IF(TanggalDatang=0, ""Belum datang"", IF(SelisihHari=0, """", IF(SelisihHari>0, ""Terlambat "" & SelisihHari & "" hari"", ""Lebih cepat "" & ABS(SelisihHari"&") & "" hari""))), Hasil, IF(TanggalDatang=0, KeteranganHari, IF(AND(SelisihQty=0, SelisihHari=0), ""Oke"", IF(SelisihQty=0, KeteranganHari, IF(SelisihHari=0, KeteranganQty, KeteranganHari & "" dengan "" & LOWER(KeteranganQty))))), "&" Hasil ))"),"")
A18: =IF(B18<>"",ROW(B18)-ROW($B$1),"") | C18: {=IFS(B18="","",COUNTIF('Master Barang'!B:B,B18)=0,SUBSTITUTE(TRIM(B18)," ","-"),COUNTIF('Master Barang'!B:B,B18)=1,XLOOKUP(B18,'Master Barang'!B:B,'Master Barang'!C:C,,,1))} | I18: =IFERROR(__xludf.DUMMYFUNCTION("if(OR(B18="""",E18=""""),"""", LET( Nama, B18, SKU, C18, Estimasi, E18, QtyOrder, F18, FilterTrans, FILTER( Transaksi!B:H, Transaksi!F:F=""Barang Datang"", Transaksi!D:D=Nama, Transaksi!E:E=SKU ), TotalDatang, IFERROR(S"&"UM(INDEX(FilterTrans,,7)), 0), TanggalDatang, IFERROR(MAX(INDEX(FilterTrans,,1)), 0), SelisihQty, QtyOrder-TotalDatang, SelisihHari, TanggalDatang-Estimasi, KeteranganQty, IF(SelisihQty=0, ""Oke"", IF(SelisihQty>0, ""Kurang "" & Selisih"&"Qty & "" pcs"", ""Lebih "" & ABS(SelisihQty) & "" pcs"")), KeteranganHari, IF(TanggalDatang=0, ""Belum datang"", IF(SelisihHari=0, """", IF(SelisihHari>0, ""Terlambat "" & SelisihHari & "" hari"", ""Lebih cepat "" & ABS(SelisihHari"&") & "" hari""))), Hasil, IF(TanggalDatang=0, KeteranganHari, IF(AND(SelisihQty=0, SelisihHari=0), ""Oke"", IF(SelisihQty=0, KeteranganHari, IF(SelisihHari=0, KeteranganQty, KeteranganHari & "" dengan "" & LOWER(KeteranganQty))))), "&" Hasil ))"),"")
A19: =IF(B19<>"",ROW(B19)-ROW($B$1),"") | C19: {=IFS(B19="","",COUNTIF('Master Barang'!B:B,B19)=0,SUBSTITUTE(TRIM(B19)," ","-"),COUNTIF('Master Barang'!B:B,B19)=1,XLOOKUP(B19,'Master Barang'!B:B,'Master Barang'!C:C,,,1))} | I19: =IFERROR(__xludf.DUMMYFUNCTION("if(OR(B19="""",E19=""""),"""", LET( Nama, B19, SKU, C19, Estimasi, E19, QtyOrder, F19, FilterTrans, FILTER( Transaksi!B:H, Transaksi!F:F=""Barang Datang"", Transaksi!D:D=Nama, Transaksi!E:E=SKU ), TotalDatang, IFERROR(S"&"UM(INDEX(FilterTrans,,7)), 0), TanggalDatang, IFERROR(MAX(INDEX(FilterTrans,,1)), 0), SelisihQty, QtyOrder-TotalDatang, SelisihHari, TanggalDatang-Estimasi, KeteranganQty, IF(SelisihQty=0, ""Oke"", IF(SelisihQty>0, ""Kurang "" & Selisih"&"Qty & "" pcs"", ""Lebih "" & ABS(SelisihQty) & "" pcs"")), KeteranganHari, IF(TanggalDatang=0, ""Belum datang"", IF(SelisihHari=0, """", IF(SelisihHari>0, ""Terlambat "" & SelisihHari & "" hari"", ""Lebih cepat "" & ABS(SelisihHari"&") & "" hari""))), Hasil, IF(TanggalDatang=0, KeteranganHari, IF(AND(SelisihQty=0, SelisihHari=0), ""Oke"", IF(SelisihQty=0, KeteranganHari, IF(SelisihHari=0, KeteranganQty, KeteranganHari & "" dengan "" & LOWER(KeteranganQty))))), "&" Hasil ))"),"")
A20: =IF(B20<>"",ROW(B20)-ROW($B$1),"") | C20: {=IFS(B20="","",COUNTIF('Master Barang'!B:B,B20)=0,SUBSTITUTE(TRIM(B20)," ","-"),COUNTIF('Master Barang'!B:B,B20)=1,XLOOKUP(B20,'Master Barang'!B:B,'Master Barang'!C:C,,,1))} | I20: =IFERROR(__xludf.DUMMYFUNCTION("if(OR(B20="""",E20=""""),"""", LET( Nama, B20, SKU, C20, Estimasi, E20, QtyOrder, F20, FilterTrans, FILTER( Transaksi!B:H, Transaksi!F:F=""Barang Datang"", Transaksi!D:D=Nama, Transaksi!E:E=SKU ), TotalDatang, IFERROR(S"&"UM(INDEX(FilterTrans,,7)), 0), TanggalDatang, IFERROR(MAX(INDEX(FilterTrans,,1)), 0), SelisihQty, QtyOrder-TotalDatang, SelisihHari, TanggalDatang-Estimasi, KeteranganQty, IF(SelisihQty=0, ""Oke"", IF(SelisihQty>0, ""Kurang "" & Selisih"&"Qty & "" pcs"", ""Lebih "" & ABS(SelisihQty) & "" pcs"")), KeteranganHari, IF(TanggalDatang=0, ""Belum datang"", IF(SelisihHari=0, """", IF(SelisihHari>0, ""Terlambat "" & SelisihHari & "" hari"", ""Lebih cepat "" & ABS(SelisihHari"&") & "" hari""))), Hasil, IF(TanggalDatang=0, KeteranganHari, IF(AND(SelisihQty=0, SelisihHari=0), ""Oke"", IF(SelisihQty=0, KeteranganHari, IF(SelisihHari=0, KeteranganQty, KeteranganHari & "" dengan "" & LOWER(KeteranganQty))))), "&" Hasil ))"),"")
A21: =IF(B21<>"",ROW(B21)-ROW($B$1),"") | C21: {=IFS(B21="","",COUNTIF('Master Barang'!B:B,B21)=0,SUBSTITUTE(TRIM(B21)," ","-"),COUNTIF('Master Barang'!B:B,B21)=1,XLOOKUP(B21,'Master Barang'!B:B,'Master Barang'!C:C,,,1))} | I21: =IFERROR(__xludf.DUMMYFUNCTION("if(OR(B21="""",E21=""""),"""", LET( Nama, B21, SKU, C21, Estimasi, E21, QtyOrder, F21, FilterTrans, FILTER( Transaksi!B:H, Transaksi!F:F=""Barang Datang"", Transaksi!D:D=Nama, Transaksi!E:E=SKU ), TotalDatang, IFERROR(S"&"UM(INDEX(FilterTrans,,7)), 0), TanggalDatang, IFERROR(MAX(INDEX(FilterTrans,,1)), 0), SelisihQty, QtyOrder-TotalDatang, SelisihHari, TanggalDatang-Estimasi, KeteranganQty, IF(SelisihQty=0, ""Oke"", IF(SelisihQty>0, ""Kurang "" & Selisih"&"Qty & "" pcs"", ""Lebih "" & ABS(SelisihQty) & "" pcs"")), KeteranganHari, IF(TanggalDatang=0, ""Belum datang"", IF(SelisihHari=0, """", IF(SelisihHari>0, ""Terlambat "" & SelisihHari & "" hari"", ""Lebih cepat "" & ABS(SelisihHari"&") & "" hari""))), Hasil, IF(TanggalDatang=0, KeteranganHari, IF(AND(SelisihQty=0, SelisihHari=0), ""Oke"", IF(SelisihQty=0, KeteranganHari, IF(SelisihHari=0, KeteranganQty, KeteranganHari & "" dengan "" & LOWER(KeteranganQty))))), "&" Hasil ))"),"")
A22: =IF(B22<>"",ROW(B22)-ROW($B$1),"") | C22: {=IFS(B22="","",COUNTIF('Master Barang'!B:B,B22)=0,SUBSTITUTE(TRIM(B22)," ","-"),COUNTIF('Master Barang'!B:B,B22)=1,XLOOKUP(B22,'Master Barang'!B:B,'Master Barang'!C:C,,,1))} | I22: =IFERROR(__xludf.DUMMYFUNCTION("if(OR(B22="""",E22=""""),"""", LET( Nama, B22, SKU, C22, Estimasi, E22, QtyOrder, F22, FilterTrans, FILTER( Transaksi!B:H, Transaksi!F:F=""Barang Datang"", Transaksi!D:D=Nama, Transaksi!E:E=SKU ), TotalDatang, IFERROR(S"&"UM(INDEX(FilterTrans,,7)), 0), TanggalDatang, IFERROR(MAX(INDEX(FilterTrans,,1)), 0), SelisihQty, QtyOrder-TotalDatang, SelisihHari, TanggalDatang-Estimasi, KeteranganQty, IF(SelisihQty=0, ""Oke"", IF(SelisihQty>0, ""Kurang "" & Selisih"&"Qty & "" pcs"", ""Lebih "" & ABS(SelisihQty) & "" pcs"")), KeteranganHari, IF(TanggalDatang=0, ""Belum datang"", IF(SelisihHari=0, """", IF(SelisihHari>0, ""Terlambat "" & SelisihHari & "" hari"", ""Lebih cepat "" & ABS(SelisihHari"&") & "" hari""))), Hasil, IF(TanggalDatang=0, KeteranganHari, IF(AND(SelisihQty=0, SelisihHari=0), ""Oke"", IF(SelisihQty=0, KeteranganHari, IF(SelisihHari=0, KeteranganQty, KeteranganHari & "" dengan "" & LOWER(KeteranganQty))))), "&" Hasil ))"),"")
A23: =IF(B23<>"",ROW(B23)-ROW($B$1),"") | C23: {=IFS(B23="","",COUNTIF('Master Barang'!B:B,B23)=0,SUBSTITUTE(TRIM(B23)," ","-"),COUNTIF('Master Barang'!B:B,B23)=1,XLOOKUP(B23,'Master Barang'!B:B,'Master Barang'!C:C,,,1))} | I23: =IFERROR(__xludf.DUMMYFUNCTION("if(OR(B23="""",E23=""""),"""", LET( Nama, B23, SKU, C23, Estimasi, E23, QtyOrder, F23, FilterTrans, FILTER( Transaksi!B:H, Transaksi!F:F=""Barang Datang"", Transaksi!D:D=Nama, Transaksi!E:E=SKU ), TotalDatang, IFERROR(S"&"UM(INDEX(FilterTrans,,7)), 0), TanggalDatang, IFERROR(MAX(INDEX(FilterTrans,,1)), 0), SelisihQty, QtyOrder-TotalDatang, SelisihHari, TanggalDatang-Estimasi, KeteranganQty, IF(SelisihQty=0, ""Oke"", IF(SelisihQty>0, ""Kurang "" & Selisih"&"Qty & "" pcs"", ""Lebih "" & ABS(SelisihQty) & "" pcs"")), KeteranganHari, IF(TanggalDatang=0, ""Belum datang"", IF(SelisihHari=0, """", IF(SelisihHari>0, ""Terlambat "" & SelisihHari & "" hari"", ""Lebih cepat "" & ABS(SelisihHari"&") & "" hari""))), Hasil, IF(TanggalDatang=0, KeteranganHari, IF(AND(SelisihQty=0, SelisihHari=0), ""Oke"", IF(SelisihQty=0, KeteranganHari, IF(SelisihHari=0, KeteranganQty, KeteranganHari & "" dengan "" & LOWER(KeteranganQty))))), "&" Hasil ))"),"")
A24: =IF(B24<>"",ROW(B24)-ROW($B$1),"") | C24: {=IFS(B24="","",COUNTIF('Master Barang'!B:B,B24)=0,SUBSTITUTE(TRIM(B24)," ","-"),COUNTIF('Master Barang'!B:B,B24)=1,XLOOKUP(B24,'Master Barang'!B:B,'Master Barang'!C:C,,,1))} | I24: =IFERROR(__xludf.DUMMYFUNCTION("if(OR(B24="""",E24=""""),"""", LET( Nama, B24, SKU, C24, Estimasi, E24, QtyOrder, F24, FilterTrans, FILTER( Transaksi!B:H, Transaksi!F:F=""Barang Datang"", Transaksi!D:D=Nama, Transaksi!E:E=SKU ), TotalDatang, IFERROR(S"&"UM(INDEX(FilterTrans,,7)), 0), TanggalDatang, IFERROR(MAX(INDEX(FilterTrans,,1)), 0), SelisihQty, QtyOrder-TotalDatang, SelisihHari, TanggalDatang-Estimasi, KeteranganQty, IF(SelisihQty=0, ""Oke"", IF(SelisihQty>0, ""Kurang "" & Selisih"&"Qty & "" pcs"", ""Lebih "" & ABS(SelisihQty) & "" pcs"")), KeteranganHari, IF(TanggalDatang=0, ""Belum datang"", IF(SelisihHari=0, """", IF(SelisihHari>0, ""Terlambat "" & SelisihHari & "" hari"", ""Lebih cepat "" & ABS(SelisihHari"&") & "" hari""))), Hasil, IF(TanggalDatang=0, KeteranganHari, IF(AND(SelisihQty=0, SelisihHari=0), ""Oke"", IF(SelisihQty=0, KeteranganHari, IF(SelisihHari=0, KeteranganQty, KeteranganHari & "" dengan "" & LOWER(KeteranganQty))))), "&" Hasil ))"),"")
A25: =IF(B25<>"",ROW(B25)-ROW($B$1),"") | C25: {=IFS(B25="","",COUNTIF('Master Barang'!B:B,B25)=0,SUBSTITUTE(TRIM(B25)," ","-"),COUNTIF('Master Barang'!B:B,B25)=1,XLOOKUP(B25,'Master Barang'!B:B,'Master Barang'!C:C,,,1))} | I25: =IFERROR(__xludf.DUMMYFUNCTION("if(OR(B25="""",E25=""""),"""", LET( Nama, B25, SKU, C25, Estimasi, E25, QtyOrder, F25, FilterTrans, FILTER( Transaksi!B:H, Transaksi!F:F=""Barang Datang"", Transaksi!D:D=Nama, Transaksi!E:E=SKU ), TotalDatang, IFERROR(S"&"UM(INDEX(FilterTrans,,7)), 0), TanggalDatang, IFERROR(MAX(INDEX(FilterTrans,,1)), 0), SelisihQty, QtyOrder-TotalDatang, SelisihHari, TanggalDatang-Estimasi, KeteranganQty, IF(SelisihQty=0, ""Oke"", IF(SelisihQty>0, ""Kurang "" & Selisih"&"Qty & "" pcs"", ""Lebih "" & ABS(SelisihQty) & "" pcs"")), KeteranganHari, IF(TanggalDatang=0, ""Belum datang"", IF(SelisihHari=0, """", IF(SelisihHari>0, ""Terlambat "" & SelisihHari & "" hari"", ""Lebih cepat "" & ABS(SelisihHari"&") & "" hari""))), Hasil, IF(TanggalDatang=0, KeteranganHari, IF(AND(SelisihQty=0, SelisihHari=0), ""Oke"", IF(SelisihQty=0, KeteranganHari, IF(SelisihHari=0, KeteranganQty, KeteranganHari & "" dengan "" & LOWER(KeteranganQty))))), "&" Hasil ))"),"")
A26: =IF(B26<>"",ROW(B26)-ROW($B$1),"") | C26: {=IFS(B26="","",COUNTIF('Master Barang'!B:B,B26)=0,SUBSTITUTE(TRIM(B26)," ","-"),COUNTIF('Master Barang'!B:B,B26)=1,XLOOKUP(B26,'Master Barang'!B:B,'Master Barang'!C:C,,,1))} | I26: =IFERROR(__xludf.DUMMYFUNCTION("if(OR(B26="""",E26=""""),"""", LET( Nama, B26, SKU, C26, Estimasi, E26, QtyOrder, F26, FilterTrans, FILTER( Transaksi!B:H, Transaksi!F:F=""Barang Datang"", Transaksi!D:D=Nama, Transaksi!E:E=SKU ), TotalDatang, IFERROR(S"&"UM(INDEX(FilterTrans,,7)), 0), TanggalDatang, IFERROR(MAX(INDEX(FilterTrans,,1)), 0), SelisihQty, QtyOrder-TotalDatang, SelisihHari, TanggalDatang-Estimasi, KeteranganQty, IF(SelisihQty=0, ""Oke"", IF(SelisihQty>0, ""Kurang "" & Selisih"&"Qty & "" pcs"", ""Lebih "" & ABS(SelisihQty) & "" pcs"")), KeteranganHari, IF(TanggalDatang=0, ""Belum datang"", IF(SelisihHari=0, """", IF(SelisihHari>0, ""Terlambat "" & SelisihHari & "" hari"", ""Lebih cepat "" & ABS(SelisihHari"&") & "" hari""))), Hasil, IF(TanggalDatang=0, KeteranganHari, IF(AND(SelisihQty=0, SelisihHari=0), ""Oke"", IF(SelisihQty=0, KeteranganHari, IF(SelisihHari=0, KeteranganQty, KeteranganHari & "" dengan "" & LOWER(KeteranganQty))))), "&" Hasil ))"),"")
A27: =IF(B27<>"",ROW(B27)-ROW($B$1),"") | C27: {=IFS(B27="","",COUNTIF('Master Barang'!B:B,B27)=0,SUBSTITUTE(TRIM(B27)," ","-"),COUNTIF('Master Barang'!B:B,B27)=1,XLOOKUP(B27,'Master Barang'!B:B,'Master Barang'!C:C,,,1))} | I27: =IFERROR(__xludf.DUMMYFUNCTION("if(OR(B27="""",E27=""""),"""", LET( Nama, B27, SKU, C27, Estimasi, E27, QtyOrder, F27, FilterTrans, FILTER( Transaksi!B:H, Transaksi!F:F=""Barang Datang"", Transaksi!D:D=Nama, Transaksi!E:E=SKU ), TotalDatang, IFERROR(S"&"UM(INDEX(FilterTrans,,7)), 0), TanggalDatang, IFERROR(MAX(INDEX(FilterTrans,,1)), 0), SelisihQty, QtyOrder-TotalDatang, SelisihHari, TanggalDatang-Estimasi, KeteranganQty, IF(SelisihQty=0, ""Oke"", IF(SelisihQty>0, ""Kurang "" & Selisih"&"Qty & "" pcs"", ""Lebih "" & ABS(SelisihQty) & "" pcs"")), KeteranganHari, IF(TanggalDatang=0, ""Belum datang"", IF(SelisihHari=0, """", IF(SelisihHari>0, ""Terlambat "" & SelisihHari & "" hari"", ""Lebih cepat "" & ABS(SelisihHari"&") & "" hari""))), Hasil, IF(TanggalDatang=0, KeteranganHari, IF(AND(SelisihQty=0, SelisihHari=0), ""Oke"", IF(SelisihQty=0, KeteranganHari, IF(SelisihHari=0, KeteranganQty, KeteranganHari & "" dengan "" & LOWER(KeteranganQty))))), "&" Hasil ))"),"")
A28: =IF(B28<>"",ROW(B28)-ROW($B$1),"") | C28: {=IFS(B28="","",COUNTIF('Master Barang'!B:B,B28)=0,SUBSTITUTE(TRIM(B28)," ","-"),COUNTIF('Master Barang'!B:B,B28)=1,XLOOKUP(B28,'Master Barang'!B:B,'Master Barang'!C:C,,,1))} | I28: =IFERROR(__xludf.DUMMYFUNCTION("if(OR(B28="""",E28=""""),"""", LET( Nama, B28, SKU, C28, Estimasi, E28, QtyOrder, F28, FilterTrans, FILTER( Transaksi!B:H, Transaksi!F:F=""Barang Datang"", Transaksi!D:D=Nama, Transaksi!E:E=SKU ), TotalDatang, IFERROR(S"&"UM(INDEX(FilterTrans,,7)), 0), TanggalDatang, IFERROR(MAX(INDEX(FilterTrans,,1)), 0), SelisihQty, QtyOrder-TotalDatang, SelisihHari, TanggalDatang-Estimasi, KeteranganQty, IF(SelisihQty=0, ""Oke"", IF(SelisihQty>0, ""Kurang "" & Selisih"&"Qty & "" pcs"", ""Lebih "" & ABS(SelisihQty) & "" pcs"")), KeteranganHari, IF(TanggalDatang=0, ""Belum datang"", IF(SelisihHari=0, """", IF(SelisihHari>0, ""Terlambat "" & SelisihHari & "" hari"", ""Lebih cepat "" & ABS(SelisihHari"&") & "" hari""))), Hasil, IF(TanggalDatang=0, KeteranganHari, IF(AND(SelisihQty=0, SelisihHari=0), ""Oke"", IF(SelisihQty=0, KeteranganHari, IF(SelisihHari=0, KeteranganQty, KeteranganHari & "" dengan "" & LOWER(KeteranganQty))))), "&" Hasil ))"),"")
A29: =IF(B29<>"",ROW(B29)-ROW($B$1),"") | C29: {=IFS(B29="","",COUNTIF('Master Barang'!B:B,B29)=0,SUBSTITUTE(TRIM(B29)," ","-"),COUNTIF('Master Barang'!B:B,B29)=1,XLOOKUP(B29,'Master Barang'!B:B,'Master Barang'!C:C,,,1))} | I29: =IFERROR(__xludf.DUMMYFUNCTION("if(OR(B29="""",E29=""""),"""", LET( Nama, B29, SKU, C29, Estimasi, E29, QtyOrder, F29, FilterTrans, FILTER( Transaksi!B:H, Transaksi!F:F=""Barang Datang"", Transaksi!D:D=Nama, Transaksi!E:E=SKU ), TotalDatang, IFERROR(S"&"UM(INDEX(FilterTrans,,7)), 0), TanggalDatang, IFERROR(MAX(INDEX(FilterTrans,,1)), 0), SelisihQty, QtyOrder-TotalDatang, SelisihHari, TanggalDatang-Estimasi, KeteranganQty, IF(SelisihQty=0, ""Oke"", IF(SelisihQty>0, ""Kurang "" & Selisih"&"Qty & "" pcs"", ""Lebih "" & ABS(SelisihQty) & "" pcs"")), KeteranganHari, IF(TanggalDatang=0, ""Belum datang"", IF(SelisihHari=0, """", IF(SelisihHari>0, ""Terlambat "" & SelisihHari & "" hari"", ""Lebih cepat "" & ABS(SelisihHari"&") & "" hari""))), Hasil, IF(TanggalDatang=0, KeteranganHari, IF(AND(SelisihQty=0, SelisihHari=0), ""Oke"", IF(SelisihQty=0, KeteranganHari, IF(SelisihHari=0, KeteranganQty, KeteranganHari & "" dengan "" & LOWER(KeteranganQty))))), "&" Hasil ))"),"")
A30: =IF(B30<>"",ROW(B30)-ROW($B$1),"") | C30: {=IFS(B30="","",COUNTIF('Master Barang'!B:B,B30)=0,SUBSTITUTE(TRIM(B30)," ","-"),COUNTIF('Master Barang'!B:B,B30)=1,XLOOKUP(B30,'Master Barang'!B:B,'Master Barang'!C:C,,,1))} | I30: =IFERROR(__xludf.DUMMYFUNCTION("if(OR(B30="""",E30=""""),"""", LET( Nama, B30, SKU, C30, Estimasi, E30, QtyOrder, F30, FilterTrans, FILTER( Transaksi!B:H, Transaksi!F:F=""Barang Datang"", Transaksi!D:D=Nama, Transaksi!E:E=SKU ), TotalDatang, IFERROR(S"&"UM(INDEX(FilterTrans,,7)), 0), TanggalDatang, IFERROR(MAX(INDEX(FilterTrans,,1)), 0), SelisihQty, QtyOrder-TotalDatang, SelisihHari, TanggalDatang-Estimasi, KeteranganQty, IF(SelisihQty=0, ""Oke"", IF(SelisihQty>0, ""Kurang "" & Selisih"&"Qty & "" pcs"", ""Lebih "" & ABS(SelisihQty) & "" pcs"")), KeteranganHari, IF(TanggalDatang=0, ""Belum datang"", IF(SelisihHari=0, """", IF(SelisihHari>0, ""Terlambat "" & SelisihHari & "" hari"", ""Lebih cepat "" & ABS(SelisihHari"&") & "" hari""))), Hasil, IF(TanggalDatang=0, KeteranganHari, IF(AND(SelisihQty=0, SelisihHari=0), ""Oke"", IF(SelisihQty=0, KeteranganHari, IF(SelisihHari=0, KeteranganQty, KeteranganHari & "" dengan "" & LOWER(KeteranganQty))))), "&" Hasil ))"),"")
A31: =IF(B31<>"",ROW(B31)-ROW($B$1),"") | C31: {=IFS(B31="","",COUNTIF('Master Barang'!B:B,B31)=0,SUBSTITUTE(TRIM(B31)," ","-"),COUNTIF('Master Barang'!B:B,B31)=1,XLOOKUP(B31,'Master Barang'!B:B,'Master Barang'!C:C,,,1))} | I31: =IFERROR(__xludf.DUMMYFUNCTION("if(OR(B31="""",E31=""""),"""", LET( Nama, B31, SKU, C31, Estimasi, E31, QtyOrder, F31, FilterTrans, FILTER( Transaksi!B:H, Transaksi!F:F=""Barang Datang"", Transaksi!D:D=Nama, Transaksi!E:E=SKU ), TotalDatang, IFERROR(S"&"UM(INDEX(FilterTrans,,7)), 0), TanggalDatang, IFERROR(MAX(INDEX(FilterTrans,,1)), 0), SelisihQty, QtyOrder-TotalDatang, SelisihHari, TanggalDatang-Estimasi, KeteranganQty, IF(SelisihQty=0, ""Oke"", IF(SelisihQty>0, ""Kurang "" & Selisih"&"Qty & "" pcs"", ""Lebih "" & ABS(SelisihQty) & "" pcs"")), KeteranganHari, IF(TanggalDatang=0, ""Belum datang"", IF(SelisihHari=0, """", IF(SelisihHari>0, ""Terlambat "" & SelisihHari & "" hari"", ""Lebih cepat "" & ABS(SelisihHari"&") & "" hari""))), Hasil, IF(TanggalDatang=0, KeteranganHari, IF(AND(SelisihQty=0, SelisihHari=0), ""Oke"", IF(SelisihQty=0, KeteranganHari, IF(SelisihHari=0, KeteranganQty, KeteranganHari & "" dengan "" & LOWER(KeteranganQty))))), "&" Hasil ))"),"")
A32: =IF(B32<>"",ROW(B32)-ROW($B$1),"") | C32: {=IFS(B32="","",COUNTIF('Master Barang'!B:B,B32)=0,SUBSTITUTE(TRIM(B32)," ","-"),COUNTIF('Master Barang'!B:B,B32)=1,XLOOKUP(B32,'Master Barang'!B:B,'Master Barang'!C:C,,,1))} | I32: =IFERROR(__xludf.DUMMYFUNCTION("if(OR(B32="""",E32=""""),"""", LET( Nama, B32, SKU, C32, Estimasi, E32, QtyOrder, F32, FilterTrans, FILTER( Transaksi!B:H, Transaksi!F:F=""Barang Datang"", Transaksi!D:D=Nama, Transaksi!E:E=SKU ), TotalDatang, IFERROR(S"&"UM(INDEX(FilterTrans,,7)), 0), TanggalDatang, IFERROR(MAX(INDEX(FilterTrans,,1)), 0), SelisihQty, QtyOrder-TotalDatang, SelisihHari, TanggalDatang-Estimasi, KeteranganQty, IF(SelisihQty=0, ""Oke"", IF(SelisihQty>0, ""Kurang "" & Selisih"&"Qty & "" pcs"", ""Lebih "" & ABS(SelisihQty) & "" pcs"")), KeteranganHari, IF(TanggalDatang=0, ""Belum datang"", IF(SelisihHari=0, """", IF(SelisihHari>0, ""Terlambat "" & SelisihHari & "" hari"", ""Lebih cepat "" & ABS(SelisihHari"&") & "" hari""))), Hasil, IF(TanggalDatang=0, KeteranganHari, IF(AND(SelisihQty=0, SelisihHari=0), ""Oke"", IF(SelisihQty=0, KeteranganHari, IF(SelisihHari=0, KeteranganQty, KeteranganHari & "" dengan "" & LOWER(KeteranganQty))))), "&" Hasil ))"),"")
A33: =IF(B33<>"",ROW(B33)-ROW($B$1),"") | C33: {=IFS(B33="","",COUNTIF('Master Barang'!B:B,B33)=0,SUBSTITUTE(TRIM(B33)," ","-"),COUNTIF('Master Barang'!B:B,B33)=1,XLOOKUP(B33,'Master Barang'!B:B,'Master Barang'!C:C,,,1))} | I33: =IFERROR(__xludf.DUMMYFUNCTION("if(OR(B33="""",E33=""""),"""", LET( Nama, B33, SKU, C33, Estimasi, E33, QtyOrder, F33, FilterTrans, FILTER( Transaksi!B:H, Transaksi!F:F=""Barang Datang"", Transaksi!D:D=Nama, Transaksi!E:E=SKU ), TotalDatang, IFERROR(S"&"UM(INDEX(FilterTrans,,7)), 0), TanggalDatang, IFERROR(MAX(INDEX(FilterTrans,,1)), 0), SelisihQty, QtyOrder-TotalDatang, SelisihHari, TanggalDatang-Estimasi, KeteranganQty, IF(SelisihQty=0, ""Oke"", IF(SelisihQty>0, ""Kurang "" & Selisih"&"Qty & "" pcs"", ""Lebih "" & ABS(SelisihQty) & "" pcs"")), KeteranganHari, IF(TanggalDatang=0, ""Belum datang"", IF(SelisihHari=0, """", IF(SelisihHari>0, ""Terlambat "" & SelisihHari & "" hari"", ""Lebih cepat "" & ABS(SelisihHari"&") & "" hari""))), Hasil, IF(TanggalDatang=0, KeteranganHari, IF(AND(SelisihQty=0, SelisihHari=0), ""Oke"", IF(SelisihQty=0, KeteranganHari, IF(SelisihHari=0, KeteranganQty, KeteranganHari & "" dengan "" & LOWER(KeteranganQty))))), "&" Hasil ))"),"")
A34: =IF(B34<>"",ROW(B34)-ROW($B$1),"") | C34: {=IFS(B34="","",COUNTIF('Master Barang'!B:B,B34)=0,SUBSTITUTE(TRIM(B34)," ","-"),COUNTIF('Master Barang'!B:B,B34)=1,XLOOKUP(B34,'Master Barang'!B:B,'Master Barang'!C:C,,,1))} | I34: =IFERROR(__xludf.DUMMYFUNCTION("if(OR(B34="""",E34=""""),"""", LET( Nama, B34, SKU, C34, Estimasi, E34, QtyOrder, F34, FilterTrans, FILTER( Transaksi!B:H, Transaksi!F:F=""Barang Datang"", Transaksi!D:D=Nama, Transaksi!E:E=SKU ), TotalDatang, IFERROR(S"&"UM(INDEX(FilterTrans,,7)), 0), TanggalDatang, IFERROR(MAX(INDEX(FilterTrans,,1)), 0), SelisihQty, QtyOrder-TotalDatang, SelisihHari, TanggalDatang-Estimasi, KeteranganQty, IF(SelisihQty=0, ""Oke"", IF(SelisihQty>0, ""Kurang "" & Selisih"&"Qty & "" pcs"", ""Lebih "" & ABS(SelisihQty) & "" pcs"")), KeteranganHari, IF(TanggalDatang=0, ""Belum datang"", IF(SelisihHari=0, """", IF(SelisihHari>0, ""Terlambat "" & SelisihHari & "" hari"", ""Lebih cepat "" & ABS(SelisihHari"&") & "" hari""))), Hasil, IF(TanggalDatang=0, KeteranganHari, IF(AND(SelisihQty=0, SelisihHari=0), ""Oke"", IF(SelisihQty=0, KeteranganHari, IF(SelisihHari=0, KeteranganQty, KeteranganHari & "" dengan "" & LOWER(KeteranganQty))))), "&" Hasil ))"),"")
A35: =IF(B35<>"",ROW(B35)-ROW($B$1),"") | C35: {=IFS(B35="","",COUNTIF('Master Barang'!B:B,B35)=0,SUBSTITUTE(TRIM(B35)," ","-"),COUNTIF('Master Barang'!B:B,B35)=1,XLOOKUP(B35,'Master Barang'!B:B,'Master Barang'!C:C,,,1))} | I35: =IFERROR(__xludf.DUMMYFUNCTION("if(OR(B35="""",E35=""""),"""", LET( Nama, B35, SKU, C35, Estimasi, E35, QtyOrder, F35, FilterTrans, FILTER( Transaksi!B:H, Transaksi!F:F=""Barang Datang"", Transaksi!D:D=Nama, Transaksi!E:E=SKU ), TotalDatang, IFERROR(S"&"UM(INDEX(FilterTrans,,7)), 0), TanggalDatang, IFERROR(MAX(INDEX(FilterTrans,,1)), 0), SelisihQty, QtyOrder-TotalDatang, SelisihHari, TanggalDatang-Estimasi, KeteranganQty, IF(SelisihQty=0, ""Oke"", IF(SelisihQty>0, ""Kurang "" & Selisih"&"Qty & "" pcs"", ""Lebih "" & ABS(SelisihQty) & "" pcs"")), KeteranganHari, IF(TanggalDatang=0, ""Belum datang"", IF(SelisihHari=0, """", IF(SelisihHari>0, ""Terlambat "" & SelisihHari & "" hari"", ""Lebih cepat "" & ABS(SelisihHari"&") & "" hari""))), Hasil, IF(TanggalDatang=0, KeteranganHari, IF(AND(SelisihQty=0, SelisihHari=0), ""Oke"", IF(SelisihQty=0, KeteranganHari, IF(SelisihHari=0, KeteranganQty, KeteranganHari & "" dengan "" & LOWER(KeteranganQty))))), "&" Hasil ))"),"")
A36: =IF(B36<>"",ROW(B36)-ROW($B$1),"") | C36: {=IFS(B36="","",COUNTIF('Master Barang'!B:B,B36)=0,SUBSTITUTE(TRIM(B36)," ","-"),COUNTIF('Master Barang'!B:B,B36)=1,XLOOKUP(B36,'Master Barang'!B:B,'Master Barang'!C:C,,,1))} | I36: =IFERROR(__xludf.DUMMYFUNCTION("if(OR(B36="""",E36=""""),"""", LET( Nama, B36, SKU, C36, Estimasi, E36, QtyOrder, F36, FilterTrans, FILTER( Transaksi!B:H, Transaksi!F:F=""Barang Datang"", Transaksi!D:D=Nama, Transaksi!E:E=SKU ), TotalDatang, IFERROR(S"&"UM(INDEX(FilterTrans,,7)), 0), TanggalDatang, IFERROR(MAX(INDEX(FilterTrans,,1)), 0), SelisihQty, QtyOrder-TotalDatang, SelisihHari, TanggalDatang-Estimasi, KeteranganQty, IF(SelisihQty=0, ""Oke"", IF(SelisihQty>0, ""Kurang "" & Selisih"&"Qty & "" pcs"", ""Lebih "" & ABS(SelisihQty) & "" pcs"")), KeteranganHari, IF(TanggalDatang=0, ""Belum datang"", IF(SelisihHari=0, """", IF(SelisihHari>0, ""Terlambat "" & SelisihHari & "" hari"", ""Lebih cepat "" & ABS(SelisihHari"&") & "" hari""))), Hasil, IF(TanggalDatang=0, KeteranganHari, IF(AND(SelisihQty=0, SelisihHari=0), ""Oke"", IF(SelisihQty=0, KeteranganHari, IF(SelisihHari=0, KeteranganQty, KeteranganHari & "" dengan "" & LOWER(KeteranganQty))))), "&" Hasil ))"),"")
A37: =IF(B37<>"",ROW(B37)-ROW($B$1),"") | C37: {=IFS(B37="","",COUNTIF('Master Barang'!B:B,B37)=0,SUBSTITUTE(TRIM(B37)," ","-"),COUNTIF('Master Barang'!B:B,B37)=1,XLOOKUP(B37,'Master Barang'!B:B,'Master Barang'!C:C,,,1))} | I37: =IFERROR(__xludf.DUMMYFUNCTION("if(OR(B37="""",E37=""""),"""", LET( Nama, B37, SKU, C37, Estimasi, E37, QtyOrder, F37, FilterTrans, FILTER( Transaksi!B:H, Transaksi!F:F=""Barang Datang"", Transaksi!D:D=Nama, Transaksi!E:E=SKU ), TotalDatang, IFERROR(S"&"UM(INDEX(FilterTrans,,7)), 0), TanggalDatang, IFERROR(MAX(INDEX(FilterTrans,,1)), 0), SelisihQty, QtyOrder-TotalDatang, SelisihHari, TanggalDatang-Estimasi, KeteranganQty, IF(SelisihQty=0, ""Oke"", IF(SelisihQty>0, ""Kurang "" & Selisih"&"Qty & "" pcs"", ""Lebih "" & ABS(SelisihQty) & "" pcs"")), KeteranganHari, IF(TanggalDatang=0, ""Belum datang"", IF(SelisihHari=0, """", IF(SelisihHari>0, ""Terlambat "" & SelisihHari & "" hari"", ""Lebih cepat "" & ABS(SelisihHari"&") & "" hari""))), Hasil, IF(TanggalDatang=0, KeteranganHari, IF(AND(SelisihQty=0, SelisihHari=0), ""Oke"", IF(SelisihQty=0, KeteranganHari, IF(SelisihHari=0, KeteranganQty, KeteranganHari & "" dengan "" & LOWER(KeteranganQty))))), "&" Hasil ))"),"")
A38: =IF(B38<>"",ROW(B38)-ROW($B$1),"") | C38: {=IFS(B38="","",COUNTIF('Master Barang'!B:B,B38)=0,SUBSTITUTE(TRIM(B38)," ","-"),COUNTIF('Master Barang'!B:B,B38)=1,XLOOKUP(B38,'Master Barang'!B:B,'Master Barang'!C:C,,,1))} | I38: =IFERROR(__xludf.DUMMYFUNCTION("if(OR(B38="""",E38=""""),"""", LET( Nama, B38, SKU, C38, Estimasi, E38, QtyOrder, F38, FilterTrans, FILTER( Transaksi!B:H, Transaksi!F:F=""Barang Datang"", Transaksi!D:D=Nama, Transaksi!E:E=SKU ), TotalDatang, IFERROR(S"&"UM(INDEX(FilterTrans,,7)), 0), TanggalDatang, IFERROR(MAX(INDEX(FilterTrans,,1)), 0), SelisihQty, QtyOrder-TotalDatang, SelisihHari, TanggalDatang-Estimasi, KeteranganQty, IF(SelisihQty=0, ""Oke"", IF(SelisihQty>0, ""Kurang "" & Selisih"&"Qty & "" pcs"", ""Lebih "" & ABS(SelisihQty) & "" pcs"")), KeteranganHari, IF(TanggalDatang=0, ""Belum datang"", IF(SelisihHari=0, """", IF(SelisihHari>0, ""Terlambat "" & SelisihHari & "" hari"", ""Lebih cepat "" & ABS(SelisihHari"&") & "" hari""))), Hasil, IF(TanggalDatang=0, KeteranganHari, IF(AND(SelisihQty=0, SelisihHari=0), ""Oke"", IF(SelisihQty=0, KeteranganHari, IF(SelisihHari=0, KeteranganQty, KeteranganHari & "" dengan "" & LOWER(KeteranganQty))))), "&" Hasil ))"),"")
A39: =IF(B39<>"",ROW(B39)-ROW($B$1),"") | C39: {=IFS(B39="","",COUNTIF('Master Barang'!B:B,B39)=0,SUBSTITUTE(TRIM(B39)," ","-"),COUNTIF('Master Barang'!B:B,B39)=1,XLOOKUP(B39,'Master Barang'!B:B,'Master Barang'!C:C,,,1))} | I39: =IFERROR(__xludf.DUMMYFUNCTION("if(OR(B39="""",E39=""""),"""", LET( Nama, B39, SKU, C39, Estimasi, E39, QtyOrder, F39, FilterTrans, FILTER( Transaksi!B:H, Transaksi!F:F=""Barang Datang"", Transaksi!D:D=Nama, Transaksi!E:E=SKU ), TotalDatang, IFERROR(S"&"UM(INDEX(FilterTrans,,7)), 0), TanggalDatang, IFERROR(MAX(INDEX(FilterTrans,,1)), 0), SelisihQty, QtyOrder-TotalDatang, SelisihHari, TanggalDatang-Estimasi, KeteranganQty, IF(SelisihQty=0, ""Oke"", IF(SelisihQty>0, ""Kurang "" & Selisih"&"Qty & "" pcs"", ""Lebih "" & ABS(SelisihQty) & "" pcs"")), KeteranganHari, IF(TanggalDatang=0, ""Belum datang"", IF(SelisihHari=0, """", IF(SelisihHari>0, ""Terlambat "" & SelisihHari & "" hari"", ""Lebih cepat "" & ABS(SelisihHari"&") & "" hari""))), Hasil, IF(TanggalDatang=0, KeteranganHari, IF(AND(SelisihQty=0, SelisihHari=0), ""Oke"", IF(SelisihQty=0, KeteranganHari, IF(SelisihHari=0, KeteranganQty, KeteranganHari & "" dengan "" & LOWER(KeteranganQty))))), "&" Hasil ))"),"")
A40: =IF(B40<>"",ROW(B40)-ROW($B$1),"") | C40: {=IFS(B40="","",COUNTIF('Master Barang'!B:B,B40)=0,SUBSTITUTE(TRIM(B40)," ","-"),COUNTIF('Master Barang'!B:B,B40)=1,XLOOKUP(B40,'Master Barang'!B:B,'Master Barang'!C:C,,,1))} | I40: =IFERROR(__xludf.DUMMYFUNCTION("if(OR(B40="""",E40=""""),"""", LET( Nama, B40, SKU, C40, Estimasi, E40, QtyOrder, F40, FilterTrans, FILTER( Transaksi!B:H, Transaksi!F:F=""Barang Datang"", Transaksi!D:D=Nama, Transaksi!E:E=SKU ), TotalDatang, IFERROR(S"&"UM(INDEX(FilterTrans,,7)), 0), TanggalDatang, IFERROR(MAX(INDEX(FilterTrans,,1)), 0), SelisihQty, QtyOrder-TotalDatang, SelisihHari, TanggalDatang-Estimasi, KeteranganQty, IF(SelisihQty=0, ""Oke"", IF(SelisihQty>0, ""Kurang "" & Selisih"&"Qty & "" pcs"", ""Lebih "" & ABS(SelisihQty) & "" pcs"")), KeteranganHari, IF(TanggalDatang=0, ""Belum datang"", IF(SelisihHari=0, """", IF(SelisihHari>0, ""Terlambat "" & SelisihHari & "" hari"", ""Lebih cepat "" & ABS(SelisihHari"&") & "" hari""))), Hasil, IF(TanggalDatang=0, KeteranganHari, IF(AND(SelisihQty=0, SelisihHari=0), ""Oke"", IF(SelisihQty=0, KeteranganHari, IF(SelisihHari=0, KeteranganQty, KeteranganHari & "" dengan "" & LOWER(KeteranganQty))))), "&" Hasil ))"),"")
A41: =IF(B41<>"",ROW(B41)-ROW($B$1),"") | C41: {=IFS(B41="","",COUNTIF('Master Barang'!B:B,B41)=0,SUBSTITUTE(TRIM(B41)," ","-"),COUNTIF('Master Barang'!B:B,B41)=1,XLOOKUP(B41,'Master Barang'!B:B,'Master Barang'!C:C,,,1))} | I41: =IFERROR(__xludf.DUMMYFUNCTION("if(OR(B41="""",E41=""""),"""", LET( Nama, B41, SKU, C41, Estimasi, E41, QtyOrder, F41, FilterTrans, FILTER( Transaksi!B:H, Transaksi!F:F=""Barang Datang"", Transaksi!D:D=Nama, Transaksi!E:E=SKU ), TotalDatang, IFERROR(S"&"UM(INDEX(FilterTrans,,7)), 0), TanggalDatang, IFERROR(MAX(INDEX(FilterTrans,,1)), 0), SelisihQty, QtyOrder-TotalDatang, SelisihHari, TanggalDatang-Estimasi, KeteranganQty, IF(SelisihQty=0, ""Oke"", IF(SelisihQty>0, ""Kurang "" & Selisih"&"Qty & "" pcs"", ""Lebih "" & ABS(SelisihQty) & "" pcs"")), KeteranganHari, IF(TanggalDatang=0, ""Belum datang"", IF(SelisihHari=0, """", IF(SelisihHari>0, ""Terlambat "" & SelisihHari & "" hari"", ""Lebih cepat "" & ABS(SelisihHari"&") & "" hari""))), Hasil, IF(TanggalDatang=0, KeteranganHari, IF(AND(SelisihQty=0, SelisihHari=0), ""Oke"", IF(SelisihQty=0, KeteranganHari, IF(SelisihHari=0, KeteranganQty, KeteranganHari & "" dengan "" & LOWER(KeteranganQty))))), "&" Hasil ))"),"")
A42: =IF(B42<>"",ROW(B42)-ROW($B$1),"") | C42: {=IFS(B42="","",COUNTIF('Master Barang'!B:B,B42)=0,SUBSTITUTE(TRIM(B42)," ","-"),COUNTIF('Master Barang'!B:B,B42)=1,XLOOKUP(B42,'Master Barang'!B:B,'Master Barang'!C:C,,,1))} | I42: =IFERROR(__xludf.DUMMYFUNCTION("if(OR(B42="""",E42=""""),"""", LET( Nama, B42, SKU, C42, Estimasi, E42, QtyOrder, F42, FilterTrans, FILTER( Transaksi!B:H, Transaksi!F:F=""Barang Datang"", Transaksi!D:D=Nama, Transaksi!E:E=SKU ), TotalDatang, IFERROR(S"&"UM(INDEX(FilterTrans,,7)), 0), TanggalDatang, IFERROR(MAX(INDEX(FilterTrans,,1)), 0), SelisihQty, QtyOrder-TotalDatang, SelisihHari, TanggalDatang-Estimasi, KeteranganQty, IF(SelisihQty=0, ""Oke"", IF(SelisihQty>0, ""Kurang "" & Selisih"&"Qty & "" pcs"", ""Lebih "" & ABS(SelisihQty) & "" pcs"")), KeteranganHari, IF(TanggalDatang=0, ""Belum datang"", IF(SelisihHari=0, """", IF(SelisihHari>0, ""Terlambat "" & SelisihHari & "" hari"", ""Lebih cepat "" & ABS(SelisihHari"&") & "" hari""))), Hasil, IF(TanggalDatang=0, KeteranganHari, IF(AND(SelisihQty=0, SelisihHari=0), ""Oke"", IF(SelisihQty=0, KeteranganHari, IF(SelisihHari=0, KeteranganQty, KeteranganHari & "" dengan "" & LOWER(KeteranganQty))))), "&" Hasil ))"),"")
A43: =IF(B43<>"",ROW(B43)-ROW($B$1),"") | C43: {=IFS(B43="","",COUNTIF('Master Barang'!B:B,B43)=0,SUBSTITUTE(TRIM(B43)," ","-"),COUNTIF('Master Barang'!B:B,B43)=1,XLOOKUP(B43,'Master Barang'!B:B,'Master Barang'!C:C,,,1))} | I43: =IFERROR(__xludf.DUMMYFUNCTION("if(OR(B43="""",E43=""""),"""", LET( Nama, B43, SKU, C43, Estimasi, E43, QtyOrder, F43, FilterTrans, FILTER( Transaksi!B:H, Transaksi!F:F=""Barang Datang"", Transaksi!D:D=Nama, Transaksi!E:E=SKU ), TotalDatang, IFERROR(S"&"UM(INDEX(FilterTrans,,7)), 0), TanggalDatang, IFERROR(MAX(INDEX(FilterTrans,,1)), 0), SelisihQty, QtyOrder-TotalDatang, SelisihHari, TanggalDatang-Estimasi, KeteranganQty, IF(SelisihQty=0, ""Oke"", IF(SelisihQty>0, ""Kurang "" & Selisih"&"Qty & "" pcs"", ""Lebih "" & ABS(SelisihQty) & "" pcs"")), KeteranganHari, IF(TanggalDatang=0, ""Belum datang"", IF(SelisihHari=0, """", IF(SelisihHari>0, ""Terlambat "" & SelisihHari & "" hari"", ""Lebih cepat "" & ABS(SelisihHari"&") & "" hari""))), Hasil, IF(TanggalDatang=0, KeteranganHari, IF(AND(SelisihQty=0, SelisihHari=0), ""Oke"", IF(SelisihQty=0, KeteranganHari, IF(SelisihHari=0, KeteranganQty, KeteranganHari & "" dengan "" & LOWER(KeteranganQty))))), "&" Hasil ))"),"")
A44: =IF(B44<>"",ROW(B44)-ROW($B$1),"") | C44: {=IFS(B44="","",COUNTIF('Master Barang'!B:B,B44)=0,SUBSTITUTE(TRIM(B44)," ","-"),COUNTIF('Master Barang'!B:B,B44)=1,XLOOKUP(B44,'Master Barang'!B:B,'Master Barang'!C:C,,,1))} | I44: =IFERROR(__xludf.DUMMYFUNCTION("if(OR(B44="""",E44=""""),"""", LET( Nama, B44, SKU, C44, Estimasi, E44, QtyOrder, F44, FilterTrans, FILTER( Transaksi!B:H, Transaksi!F:F=""Barang Datang"", Transaksi!D:D=Nama, Transaksi!E:E=SKU ), TotalDatang, IFERROR(S"&"UM(INDEX(FilterTrans,,7)), 0), TanggalDatang, IFERROR(MAX(INDEX(FilterTrans,,1)), 0), SelisihQty, QtyOrder-TotalDatang, SelisihHari, TanggalDatang-Estimasi, KeteranganQty, IF(SelisihQty=0, ""Oke"", IF(SelisihQty>0, ""Kurang "" & Selisih"&"Qty & "" pcs"", ""Lebih "" & ABS(SelisihQty) & "" pcs"")), KeteranganHari, IF(TanggalDatang=0, ""Belum datang"", IF(SelisihHari=0, """", IF(SelisihHari>0, ""Terlambat "" & SelisihHari & "" hari"", ""Lebih cepat "" & ABS(SelisihHari"&") & "" hari""))), Hasil, IF(TanggalDatang=0, KeteranganHari, IF(AND(SelisihQty=0, SelisihHari=0), ""Oke"", IF(SelisihQty=0, KeteranganHari, IF(SelisihHari=0, KeteranganQty, KeteranganHari & "" dengan "" & LOWER(KeteranganQty))))), "&" Hasil ))"),"")
A45: =IF(B45<>"",ROW(B45)-ROW($B$1),"") | C45: {=IFS(B45="","",COUNTIF('Master Barang'!B:B,B45)=0,SUBSTITUTE(TRIM(B45)," ","-"),COUNTIF('Master Barang'!B:B,B45)=1,XLOOKUP(B45,'Master Barang'!B:B,'Master Barang'!C:C,,,1))} | I45: =IFERROR(__xludf.DUMMYFUNCTION("if(OR(B45="""",E45=""""),"""", LET( Nama, B45, SKU, C45, Estimasi, E45, QtyOrder, F45, FilterTrans, FILTER( Transaksi!B:H, Transaksi!F:F=""Barang Datang"", Transaksi!D:D=Nama, Transaksi!E:E=SKU ), TotalDatang, IFERROR(S"&"UM(INDEX(FilterTrans,,7)), 0), TanggalDatang, IFERROR(MAX(INDEX(FilterTrans,,1)), 0), SelisihQty, QtyOrder-TotalDatang, SelisihHari, TanggalDatang-Estimasi, KeteranganQty, IF(SelisihQty=0, ""Oke"", IF(SelisihQty>0, ""Kurang "" & Selisih"&"Qty & "" pcs"", ""Lebih "" & ABS(SelisihQty) & "" pcs"")), KeteranganHari, IF(TanggalDatang=0, ""Belum datang"", IF(SelisihHari=0, """", IF(SelisihHari>0, ""Terlambat "" & SelisihHari & "" hari"", ""Lebih cepat "" & ABS(SelisihHari"&") & "" hari""))), Hasil, IF(TanggalDatang=0, KeteranganHari, IF(AND(SelisihQty=0, SelisihHari=0), ""Oke"", IF(SelisihQty=0, KeteranganHari, IF(SelisihHari=0, KeteranganQty, KeteranganHari & "" dengan "" & LOWER(KeteranganQty))))), "&" Hasil ))"),"")
A46: =IF(B46<>"",ROW(B46)-ROW($B$1),"") | C46: {=IFS(B46="","",COUNTIF('Master Barang'!B:B,B46)=0,SUBSTITUTE(TRIM(B46)," ","-"),COUNTIF('Master Barang'!B:B,B46)=1,XLOOKUP(B46,'Master Barang'!B:B,'Master Barang'!C:C,,,1))} | I46: =IFERROR(__xludf.DUMMYFUNCTION("if(OR(B46="""",E46=""""),"""", LET( Nama, B46, SKU, C46, Estimasi, E46, QtyOrder, F46, FilterTrans, FILTER( Transaksi!B:H, Transaksi!F:F=""Barang Datang"", Transaksi!D:D=Nama, Transaksi!E:E=SKU ), TotalDatang, IFERROR(S"&"UM(INDEX(FilterTrans,,7)), 0), TanggalDatang, IFERROR(MAX(INDEX(FilterTrans,,1)), 0), SelisihQty, QtyOrder-TotalDatang, SelisihHari, TanggalDatang-Estimasi, KeteranganQty, IF(SelisihQty=0, ""Oke"", IF(SelisihQty>0, ""Kurang "" & Selisih"&"Qty & "" pcs"", ""Lebih "" & ABS(SelisihQty) & "" pcs"")), KeteranganHari, IF(TanggalDatang=0, ""Belum datang"", IF(SelisihHari=0, """", IF(SelisihHari>0, ""Terlambat "" & SelisihHari & "" hari"", ""Lebih cepat "" & ABS(SelisihHari"&") & "" hari""))), Hasil, IF(TanggalDatang=0, KeteranganHari, IF(AND(SelisihQty=0, SelisihHari=0), ""Oke"", IF(SelisihQty=0, KeteranganHari, IF(SelisihHari=0, KeteranganQty, KeteranganHari & "" dengan "" & LOWER(KeteranganQty))))), "&" Hasil ))"),"")
A47: =IF(B47<>"",ROW(B47)-ROW($B$1),"") | C47: {=IFS(B47="","",COUNTIF('Master Barang'!B:B,B47)=0,SUBSTITUTE(TRIM(B47)," ","-"),COUNTIF('Master Barang'!B:B,B47)=1,XLOOKUP(B47,'Master Barang'!B:B,'Master Barang'!C:C,,,1))} | I47: =IFERROR(__xludf.DUMMYFUNCTION("if(OR(B47="""",E47=""""),"""", LET( Nama, B47, SKU, C47, Estimasi, E47, QtyOrder, F47, FilterTrans, FILTER( Transaksi!B:H, Transaksi!F:F=""Barang Datang"", Transaksi!D:D=Nama, Transaksi!E:E=SKU ), TotalDatang, IFERROR(S"&"UM(INDEX(FilterTrans,,7)), 0), TanggalDatang, IFERROR(MAX(INDEX(FilterTrans,,1)), 0), SelisihQty, QtyOrder-TotalDatang, SelisihHari, TanggalDatang-Estimasi, KeteranganQty, IF(SelisihQty=0, ""Oke"", IF(SelisihQty>0, ""Kurang "" & Selisih"&"Qty & "" pcs"", ""Lebih "" & ABS(SelisihQty) & "" pcs"")), KeteranganHari, IF(TanggalDatang=0, ""Belum datang"", IF(SelisihHari=0, """", IF(SelisihHari>0, ""Terlambat "" & SelisihHari & "" hari"", ""Lebih cepat "" & ABS(SelisihHari"&") & "" hari""))), Hasil, IF(TanggalDatang=0, KeteranganHari, IF(AND(SelisihQty=0, SelisihHari=0), ""Oke"", IF(SelisihQty=0, KeteranganHari, IF(SelisihHari=0, KeteranganQty, KeteranganHari & "" dengan "" & LOWER(KeteranganQty))))), "&" Hasil ))"),"")
A48: =IF(B48<>"",ROW(B48)-ROW($B$1),"") | C48: {=IFS(B48="","",COUNTIF('Master Barang'!B:B,B48)=0,SUBSTITUTE(TRIM(B48)," ","-"),COUNTIF('Master Barang'!B:B,B48)=1,XLOOKUP(B48,'Master Barang'!B:B,'Master Barang'!C:C,,,1))} | I48: =IFERROR(__xludf.DUMMYFUNCTION("if(OR(B48="""",E48=""""),"""", LET( Nama, B48, SKU, C48, Estimasi, E48, QtyOrder, F48, FilterTrans, FILTER( Transaksi!B:H, Transaksi!F:F=""Barang Datang"", Transaksi!D:D=Nama, Transaksi!E:E=SKU ), TotalDatang, IFERROR(S"&"UM(INDEX(FilterTrans,,7)), 0), TanggalDatang, IFERROR(MAX(INDEX(FilterTrans,,1)), 0), SelisihQty, QtyOrder-TotalDatang, SelisihHari, TanggalDatang-Estimasi, KeteranganQty, IF(SelisihQty=0, ""Oke"", IF(SelisihQty>0, ""Kurang "" & Selisih"&"Qty & "" pcs"", ""Lebih "" & ABS(SelisihQty) & "" pcs"")), KeteranganHari, IF(TanggalDatang=0, ""Belum datang"", IF(SelisihHari=0, """", IF(SelisihHari>0, ""Terlambat "" & SelisihHari & "" hari"", ""Lebih cepat "" & ABS(SelisihHari"&") & "" hari""))), Hasil, IF(TanggalDatang=0, KeteranganHari, IF(AND(SelisihQty=0, SelisihHari=0), ""Oke"", IF(SelisihQty=0, KeteranganHari, IF(SelisihHari=0, KeteranganQty, KeteranganHari & "" dengan "" & LOWER(KeteranganQty))))), "&" Hasil ))"),"")
A49: =IF(B49<>"",ROW(B49)-ROW($B$1),"") | C49: {=IFS(B49="","",COUNTIF('Master Barang'!B:B,B49)=0,SUBSTITUTE(TRIM(B49)," ","-"),COUNTIF('Master Barang'!B:B,B49)=1,XLOOKUP(B49,'Master Barang'!B:B,'Master Barang'!C:C,,,1))} | I49: =IFERROR(__xludf.DUMMYFUNCTION("if(OR(B49="""",E49=""""),"""", LET( Nama, B49, SKU, C49, Estimasi, E49, QtyOrder, F49, FilterTrans, FILTER( Transaksi!B:H, Transaksi!F:F=""Barang Datang"", Transaksi!D:D=Nama, Transaksi!E:E=SKU ), TotalDatang, IFERROR(S"&"UM(INDEX(FilterTrans,,7)), 0), TanggalDatang, IFERROR(MAX(INDEX(FilterTrans,,1)), 0), SelisihQty, QtyOrder-TotalDatang, SelisihHari, TanggalDatang-Estimasi, KeteranganQty, IF(SelisihQty=0, ""Oke"", IF(SelisihQty>0, ""Kurang "" & Selisih"&"Qty & "" pcs"", ""Lebih "" & ABS(SelisihQty) & "" pcs"")), KeteranganHari, IF(TanggalDatang=0, ""Belum datang"", IF(SelisihHari=0, """", IF(SelisihHari>0, ""Terlambat "" & SelisihHari & "" hari"", ""Lebih cepat "" & ABS(SelisihHari"&") & "" hari""))), Hasil, IF(TanggalDatang=0, KeteranganHari, IF(AND(SelisihQty=0, SelisihHari=0), ""Oke"", IF(SelisihQty=0, KeteranganHari, IF(SelisihHari=0, KeteranganQty, KeteranganHari & "" dengan "" & LOWER(KeteranganQty))))), "&" Hasil ))"),"")
A50: =IF(B50<>"",ROW(B50)-ROW($B$1),"") | C50: {=IFS(B50="","",COUNTIF('Master Barang'!B:B,B50)=0,SUBSTITUTE(TRIM(B50)," ","-"),COUNTIF('Master Barang'!B:B,B50)=1,XLOOKUP(B50,'Master Barang'!B:B,'Master Barang'!C:C,,,1))} | I50: =IFERROR(__xludf.DUMMYFUNCTION("if(OR(B50="""",E50=""""),"""", LET( Nama, B50, SKU, C50, Estimasi, E50, QtyOrder, F50, FilterTrans, FILTER( Transaksi!B:H, Transaksi!F:F=""Barang Datang"", Transaksi!D:D=Nama, Transaksi!E:E=SKU ), TotalDatang, IFERROR(S"&"UM(INDEX(FilterTrans,,7)), 0), TanggalDatang, IFERROR(MAX(INDEX(FilterTrans,,1)), 0), SelisihQty, QtyOrder-TotalDatang, SelisihHari, TanggalDatang-Estimasi, KeteranganQty, IF(SelisihQty=0, ""Oke"", IF(SelisihQty>0, ""Kurang "" & Selisih"&"Qty & "" pcs"", ""Lebih "" & ABS(SelisihQty) & "" pcs"")), KeteranganHari, IF(TanggalDatang=0, ""Belum datang"", IF(SelisihHari=0, """", IF(SelisihHari>0, ""Terlambat "" & SelisihHari & "" hari"", ""Lebih cepat "" & ABS(SelisihHari"&") & "" hari""))), Hasil, IF(TanggalDatang=0, KeteranganHari, IF(AND(SelisihQty=0, SelisihHari=0), ""Oke"", IF(SelisihQty=0, KeteranganHari, IF(SelisihHari=0, KeteranganQty, KeteranganHari & "" dengan "" & LOWER(KeteranganQty))))), "&" Hasil ))"),"")
A51: =IF(B51<>"",ROW(B51)-ROW($B$1),"") | C51: {=IFS(B51="","",COUNTIF('Master Barang'!B:B,B51)=0,SUBSTITUTE(TRIM(B51)," ","-"),COUNTIF('Master Barang'!B:B,B51)=1,XLOOKUP(B51,'Master Barang'!B:B,'Master Barang'!C:C,,,1))} | I51: =IFERROR(__xludf.DUMMYFUNCTION("if(OR(B51="""",E51=""""),"""", LET( Nama, B51, SKU, C51, Estimasi, E51, QtyOrder, F51, FilterTrans, FILTER( Transaksi!B:H, Transaksi!F:F=""Barang Datang"", Transaksi!D:D=Nama, Transaksi!E:E=SKU ), TotalDatang, IFERROR(S"&"UM(INDEX(FilterTrans,,7)), 0), TanggalDatang, IFERROR(MAX(INDEX(FilterTrans,,1)), 0), SelisihQty, QtyOrder-TotalDatang, SelisihHari, TanggalDatang-Estimasi, KeteranganQty, IF(SelisihQty=0, ""Oke"", IF(SelisihQty>0, ""Kurang "" & Selisih"&"Qty & "" pcs"", ""Lebih "" & ABS(SelisihQty) & "" pcs"")), KeteranganHari, IF(TanggalDatang=0, ""Belum datang"", IF(SelisihHari=0, """", IF(SelisihHari>0, ""Terlambat "" & SelisihHari & "" hari"", ""Lebih cepat "" & ABS(SelisihHari"&") & "" hari""))), Hasil, IF(TanggalDatang=0, KeteranganHari, IF(AND(SelisihQty=0, SelisihHari=0), ""Oke"", IF(SelisihQty=0, KeteranganHari, IF(SelisihHari=0, KeteranganQty, KeteranganHari & "" dengan "" & LOWER(KeteranganQty))))), "&" Hasil ))"),"")
A52: =IF(B52<>"",ROW(B52)-ROW($B$1),"") | C52: {=IFS(B52="","",COUNTIF('Master Barang'!B:B,B52)=0,SUBSTITUTE(TRIM(B52)," ","-"),COUNTIF('Master Barang'!B:B,B52)=1,XLOOKUP(B52,'Master Barang'!B:B,'Master Barang'!C:C,,,1))} | I52: =IFERROR(__xludf.DUMMYFUNCTION("if(OR(B52="""",E52=""""),"""", LET( Nama, B52, SKU, C52, Estimasi, E52, QtyOrder, F52, FilterTrans, FILTER( Transaksi!B:H, Transaksi!F:F=""Barang Datang"", Transaksi!D:D=Nama, Transaksi!E:E=SKU ), TotalDatang, IFERROR(S"&"UM(INDEX(FilterTrans,,7)), 0), TanggalDatang, IFERROR(MAX(INDEX(FilterTrans,,1)), 0), SelisihQty, QtyOrder-TotalDatang, SelisihHari, TanggalDatang-Estimasi, KeteranganQty, IF(SelisihQty=0, ""Oke"", IF(SelisihQty>0, ""Kurang "" & Selisih"&"Qty & "" pcs"", ""Lebih "" & ABS(SelisihQty) & "" pcs"")), KeteranganHari, IF(TanggalDatang=0, ""Belum datang"", IF(SelisihHari=0, """", IF(SelisihHari>0, ""Terlambat "" & SelisihHari & "" hari"", ""Lebih cepat "" & ABS(SelisihHari"&") & "" hari""))), Hasil, IF(TanggalDatang=0, KeteranganHari, IF(AND(SelisihQty=0, SelisihHari=0), ""Oke"", IF(SelisihQty=0, KeteranganHari, IF(SelisihHari=0, KeteranganQty, KeteranganHari & "" dengan "" & LOWER(KeteranganQty))))), "&" Hasil ))"),"")
A53: =IF(B53<>"",ROW(B53)-ROW($B$1),"") | C53: {=IFS(B53="","",COUNTIF('Master Barang'!B:B,B53)=0,SUBSTITUTE(TRIM(B53)," ","-"),COUNTIF('Master Barang'!B:B,B53)=1,XLOOKUP(B53,'Master Barang'!B:B,'Master Barang'!C:C,,,1))} | I53: =IFERROR(__xludf.DUMMYFUNCTION("if(OR(B53="""",E53=""""),"""", LET( Nama, B53, SKU, C53, Estimasi, E53, QtyOrder, F53, FilterTrans, FILTER( Transaksi!B:H, Transaksi!F:F=""Barang Datang"", Transaksi!D:D=Nama, Transaksi!E:E=SKU ), TotalDatang, IFERROR(S"&"UM(INDEX(FilterTrans,,7)), 0), TanggalDatang, IFERROR(MAX(INDEX(FilterTrans,,1)), 0), SelisihQty, QtyOrder-TotalDatang, SelisihHari, TanggalDatang-Estimasi, KeteranganQty, IF(SelisihQty=0, ""Oke"", IF(SelisihQty>0, ""Kurang "" & Selisih"&"Qty & "" pcs"", ""Lebih "" & ABS(SelisihQty) & "" pcs"")), KeteranganHari, IF(TanggalDatang=0, ""Belum datang"", IF(SelisihHari=0, """", IF(SelisihHari>0, ""Terlambat "" & SelisihHari & "" hari"", ""Lebih cepat "" & ABS(SelisihHari"&") & "" hari""))), Hasil, IF(TanggalDatang=0, KeteranganHari, IF(AND(SelisihQty=0, SelisihHari=0), ""Oke"", IF(SelisihQty=0, KeteranganHari, IF(SelisihHari=0, KeteranganQty, KeteranganHari & "" dengan "" & LOWER(KeteranganQty))))), "&" Hasil ))"),"")
A54: =IF(B54<>"",ROW(B54)-ROW($B$1),"") | C54: {=IFS(B54="","",COUNTIF('Master Barang'!B:B,B54)=0,SUBSTITUTE(TRIM(B54)," ","-"),COUNTIF('Master Barang'!B:B,B54)=1,XLOOKUP(B54,'Master Barang'!B:B,'Master Barang'!C:C,,,1))} | I54: =IFERROR(__xludf.DUMMYFUNCTION("if(OR(B54="""",E54=""""),"""", LET( Nama, B54, SKU, C54, Estimasi, E54, QtyOrder, F54, FilterTrans, FILTER( Transaksi!B:H, Transaksi!F:F=""Barang Datang"", Transaksi!D:D=Nama, Transaksi!E:E=SKU ), TotalDatang, IFERROR(S"&"UM(INDEX(FilterTrans,,7)), 0), TanggalDatang, IFERROR(MAX(INDEX(FilterTrans,,1)), 0), SelisihQty, QtyOrder-TotalDatang, SelisihHari, TanggalDatang-Estimasi, KeteranganQty, IF(SelisihQty=0, ""Oke"", IF(SelisihQty>0, ""Kurang "" & Selisih"&"Qty & "" pcs"", ""Lebih "" & ABS(SelisihQty) & "" pcs"")), KeteranganHari, IF(TanggalDatang=0, ""Belum datang"", IF(SelisihHari=0, """", IF(SelisihHari>0, ""Terlambat "" & SelisihHari & "" hari"", ""Lebih cepat "" & ABS(SelisihHari"&") & "" hari""))), Hasil, IF(TanggalDatang=0, KeteranganHari, IF(AND(SelisihQty=0, SelisihHari=0), ""Oke"", IF(SelisihQty=0, KeteranganHari, IF(SelisihHari=0, KeteranganQty, KeteranganHari & "" dengan "" & LOWER(KeteranganQty))))), "&" Hasil ))"),"")
A55: =IF(B55<>"",ROW(B55)-ROW($B$1),"") | C55: {=IFS(B55="","",COUNTIF('Master Barang'!B:B,B55)=0,SUBSTITUTE(TRIM(B55)," ","-"),COUNTIF('Master Barang'!B:B,B55)=1,XLOOKUP(B55,'Master Barang'!B:B,'Master Barang'!C:C,,,1))} | I55: =IFERROR(__xludf.DUMMYFUNCTION("if(OR(B55="""",E55=""""),"""", LET( Nama, B55, SKU, C55, Estimasi, E55, QtyOrder, F55, FilterTrans, FILTER( Transaksi!B:H, Transaksi!F:F=""Barang Datang"", Transaksi!D:D=Nama, Transaksi!E:E=SKU ), TotalDatang, IFERROR(S"&"UM(INDEX(FilterTrans,,7)), 0), TanggalDatang, IFERROR(MAX(INDEX(FilterTrans,,1)), 0), SelisihQty, QtyOrder-TotalDatang, SelisihHari, TanggalDatang-Estimasi, KeteranganQty, IF(SelisihQty=0, ""Oke"", IF(SelisihQty>0, ""Kurang "" & Selisih"&"Qty & "" pcs"", ""Lebih "" & ABS(SelisihQty) & "" pcs"")), KeteranganHari, IF(TanggalDatang=0, ""Belum datang"", IF(SelisihHari=0, """", IF(SelisihHari>0, ""Terlambat "" & SelisihHari & "" hari"", ""Lebih cepat "" & ABS(SelisihHari"&") & "" hari""))), Hasil, IF(TanggalDatang=0, KeteranganHari, IF(AND(SelisihQty=0, SelisihHari=0), ""Oke"", IF(SelisihQty=0, KeteranganHari, IF(SelisihHari=0, KeteranganQty, KeteranganHari & "" dengan "" & LOWER(KeteranganQty))))), "&" Hasil ))"),"")
A56: =IF(B56<>"",ROW(B56)-ROW($B$1),"") | C56: {=IFS(B56="","",COUNTIF('Master Barang'!B:B,B56)=0,SUBSTITUTE(TRIM(B56)," ","-"),COUNTIF('Master Barang'!B:B,B56)=1,XLOOKUP(B56,'Master Barang'!B:B,'Master Barang'!C:C,,,1))} | I56: =IFERROR(__xludf.DUMMYFUNCTION("if(OR(B56="""",E56=""""),"""", LET( Nama, B56, SKU, C56, Estimasi, E56, QtyOrder, F56, FilterTrans, FILTER( Transaksi!B:H, Transaksi!F:F=""Barang Datang"", Transaksi!D:D=Nama, Transaksi!E:E=SKU ), TotalDatang, IFERROR(S"&"UM(INDEX(FilterTrans,,7)), 0), TanggalDatang, IFERROR(MAX(INDEX(FilterTrans,,1)), 0), SelisihQty, QtyOrder-TotalDatang, SelisihHari, TanggalDatang-Estimasi, KeteranganQty, IF(SelisihQty=0, ""Oke"", IF(SelisihQty>0, ""Kurang "" & Selisih"&"Qty & "" pcs"", ""Lebih "" & ABS(SelisihQty) & "" pcs"")), KeteranganHari, IF(TanggalDatang=0, ""Belum datang"", IF(SelisihHari=0, """", IF(SelisihHari>0, ""Terlambat "" & SelisihHari & "" hari"", ""Lebih cepat "" & ABS(SelisihHari"&") & "" hari""))), Hasil, IF(TanggalDatang=0, KeteranganHari, IF(AND(SelisihQty=0, SelisihHari=0), ""Oke"", IF(SelisihQty=0, KeteranganHari, IF(SelisihHari=0, KeteranganQty, KeteranganHari & "" dengan "" & LOWER(KeteranganQty))))), "&" Hasil ))"),"")
A57: =IF(B57<>"",ROW(B57)-ROW($B$1),"") | C57: {=IFS(B57="","",COUNTIF('Master Barang'!B:B,B57)=0,SUBSTITUTE(TRIM(B57)," ","-"),COUNTIF('Master Barang'!B:B,B57)=1,XLOOKUP(B57,'Master Barang'!B:B,'Master Barang'!C:C,,,1))} | I57: =IFERROR(__xludf.DUMMYFUNCTION("if(OR(B57="""",E57=""""),"""", LET( Nama, B57, SKU, C57, Estimasi, E57, QtyOrder, F57, FilterTrans, FILTER( Transaksi!B:H, Transaksi!F:F=""Barang Datang"", Transaksi!D:D=Nama, Transaksi!E:E=SKU ), TotalDatang, IFERROR(S"&"UM(INDEX(FilterTrans,,7)), 0), TanggalDatang, IFERROR(MAX(INDEX(FilterTrans,,1)), 0), SelisihQty, QtyOrder-TotalDatang, SelisihHari, TanggalDatang-Estimasi, KeteranganQty, IF(SelisihQty=0, ""Oke"", IF(SelisihQty>0, ""Kurang "" & Selisih"&"Qty & "" pcs"", ""Lebih "" & ABS(SelisihQty) & "" pcs"")), KeteranganHari, IF(TanggalDatang=0, ""Belum datang"", IF(SelisihHari=0, """", IF(SelisihHari>0, ""Terlambat "" & SelisihHari & "" hari"", ""Lebih cepat "" & ABS(SelisihHari"&") & "" hari""))), Hasil, IF(TanggalDatang=0, KeteranganHari, IF(AND(SelisihQty=0, SelisihHari=0), ""Oke"", IF(SelisihQty=0, KeteranganHari, IF(SelisihHari=0, KeteranganQty, KeteranganHari & "" dengan "" & LOWER(KeteranganQty))))), "&" Hasil ))"),"")
A58: =IF(B58<>"",ROW(B58)-ROW($B$1),"") | C58: {=IFS(B58="","",COUNTIF('Master Barang'!B:B,B58)=0,SUBSTITUTE(TRIM(B58)," ","-"),COUNTIF('Master Barang'!B:B,B58)=1,XLOOKUP(B58,'Master Barang'!B:B,'Master Barang'!C:C,,,1))} | I58: =IFERROR(__xludf.DUMMYFUNCTION("if(OR(B58="""",E58=""""),"""", LET( Nama, B58, SKU, C58, Estimasi, E58, QtyOrder, F58, FilterTrans, FILTER( Transaksi!B:H, Transaksi!F:F=""Barang Datang"", Transaksi!D:D=Nama, Transaksi!E:E=SKU ), TotalDatang, IFERROR(S"&"UM(INDEX(FilterTrans,,7)), 0), TanggalDatang, IFERROR(MAX(INDEX(FilterTrans,,1)), 0), SelisihQty, QtyOrder-TotalDatang, SelisihHari, TanggalDatang-Estimasi, KeteranganQty, IF(SelisihQty=0, ""Oke"", IF(SelisihQty>0, ""Kurang "" & Selisih"&"Qty & "" pcs"", ""Lebih "" & ABS(SelisihQty) & "" pcs"")), KeteranganHari, IF(TanggalDatang=0, ""Belum datang"", IF(SelisihHari=0, """", IF(SelisihHari>0, ""Terlambat "" & SelisihHari & "" hari"", ""Lebih cepat "" & ABS(SelisihHari"&") & "" hari""))), Hasil, IF(TanggalDatang=0, KeteranganHari, IF(AND(SelisihQty=0, SelisihHari=0), ""Oke"", IF(SelisihQty=0, KeteranganHari, IF(SelisihHari=0, KeteranganQty, KeteranganHari & "" dengan "" & LOWER(KeteranganQty))))), "&" Hasil ))"),"")
A59: =IF(B59<>"",ROW(B59)-ROW($B$1),"") | C59: {=IFS(B59="","",COUNTIF('Master Barang'!B:B,B59)=0,SUBSTITUTE(TRIM(B59)," ","-"),COUNTIF('Master Barang'!B:B,B59)=1,XLOOKUP(B59,'Master Barang'!B:B,'Master Barang'!C:C,,,1))} | I59: =IFERROR(__xludf.DUMMYFUNCTION("if(OR(B59="""",E59=""""),"""", LET( Nama, B59, SKU, C59, Estimasi, E59, QtyOrder, F59, FilterTrans, FILTER( Transaksi!B:H, Transaksi!F:F=""Barang Datang"", Transaksi!D:D=Nama, Transaksi!E:E=SKU ), TotalDatang, IFERROR(S"&"UM(INDEX(FilterTrans,,7)), 0), TanggalDatang, IFERROR(MAX(INDEX(FilterTrans,,1)), 0), SelisihQty, QtyOrder-TotalDatang, SelisihHari, TanggalDatang-Estimasi, KeteranganQty, IF(SelisihQty=0, ""Oke"", IF(SelisihQty>0, ""Kurang "" & Selisih"&"Qty & "" pcs"", ""Lebih "" & ABS(SelisihQty) & "" pcs"")), KeteranganHari, IF(TanggalDatang=0, ""Belum datang"", IF(SelisihHari=0, """", IF(SelisihHari>0, ""Terlambat "" & SelisihHari & "" hari"", ""Lebih cepat "" & ABS(SelisihHari"&") & "" hari""))), Hasil, IF(TanggalDatang=0, KeteranganHari, IF(AND(SelisihQty=0, SelisihHari=0), ""Oke"", IF(SelisihQty=0, KeteranganHari, IF(SelisihHari=0, KeteranganQty, KeteranganHari & "" dengan "" & LOWER(KeteranganQty))))), "&" Hasil ))"),"")
A60: =IF(B60<>"",ROW(B60)-ROW($B$1),"") | C60: {=IFS(B60="","",COUNTIF('Master Barang'!B:B,B60)=0,SUBSTITUTE(TRIM(B60)," ","-"),COUNTIF('Master Barang'!B:B,B60)=1,XLOOKUP(B60,'Master Barang'!B:B,'Master Barang'!C:C,,,1))} | I60: =IFERROR(__xludf.DUMMYFUNCTION("if(OR(B60="""",E60=""""),"""", LET( Nama, B60, SKU, C60, Estimasi, E60, QtyOrder, F60, FilterTrans, FILTER( Transaksi!B:H, Transaksi!F:F=""Barang Datang"", Transaksi!D:D=Nama, Transaksi!E:E=SKU ), TotalDatang, IFERROR(S"&"UM(INDEX(FilterTrans,,7)), 0), TanggalDatang, IFERROR(MAX(INDEX(FilterTrans,,1)), 0), SelisihQty, QtyOrder-TotalDatang, SelisihHari, TanggalDatang-Estimasi, KeteranganQty, IF(SelisihQty=0, ""Oke"", IF(SelisihQty>0, ""Kurang "" & Selisih"&"Qty & "" pcs"", ""Lebih "" & ABS(SelisihQty) & "" pcs"")), KeteranganHari, IF(TanggalDatang=0, ""Belum datang"", IF(SelisihHari=0, """", IF(SelisihHari>0, ""Terlambat "" & SelisihHari & "" hari"", ""Lebih cepat "" & ABS(SelisihHari"&") & "" hari""))), Hasil, IF(TanggalDatang=0, KeteranganHari, IF(AND(SelisihQty=0, SelisihHari=0), ""Oke"", IF(SelisihQty=0, KeteranganHari, IF(SelisihHari=0, KeteranganQty, KeteranganHari & "" dengan "" & LOWER(KeteranganQty))))), "&" Hasil ))"),"")
A61: =IF(B61<>"",ROW(B61)-ROW($B$1),"") | C61: {=IFS(B61="","",COUNTIF('Master Barang'!B:B,B61)=0,SUBSTITUTE(TRIM(B61)," ","-"),COUNTIF('Master Barang'!B:B,B61)=1,XLOOKUP(B61,'Master Barang'!B:B,'Master Barang'!C:C,,,1))} | I61: =IFERROR(__xludf.DUMMYFUNCTION("if(OR(B61="""",E61=""""),"""", LET( Nama, B61, SKU, C61, Estimasi, E61, QtyOrder, F61, FilterTrans, FILTER( Transaksi!B:H, Transaksi!F:F=""Barang Datang"", Transaksi!D:D=Nama, Transaksi!E:E=SKU ), TotalDatang, IFERROR(S"&"UM(INDEX(FilterTrans,,7)), 0), TanggalDatang, IFERROR(MAX(INDEX(FilterTrans,,1)), 0), SelisihQty, QtyOrder-TotalDatang, SelisihHari, TanggalDatang-Estimasi, KeteranganQty, IF(SelisihQty=0, ""Oke"", IF(SelisihQty>0, ""Kurang "" & Selisih"&"Qty & "" pcs"", ""Lebih "" & ABS(SelisihQty) & "" pcs"")), KeteranganHari, IF(TanggalDatang=0, ""Belum datang"", IF(SelisihHari=0, """", IF(SelisihHari>0, ""Terlambat "" & SelisihHari & "" hari"", ""Lebih cepat "" & ABS(SelisihHari"&") & "" hari""))), Hasil, IF(TanggalDatang=0, KeteranganHari, IF(AND(SelisihQty=0, SelisihHari=0), ""Oke"", IF(SelisihQty=0, KeteranganHari, IF(SelisihHari=0, KeteranganQty, KeteranganHari & "" dengan "" & LOWER(KeteranganQty))))), "&" Hasil ))"),"")
A62: =IF(B62<>"",ROW(B62)-ROW($B$1),"") | C62: {=IFS(B62="","",COUNTIF('Master Barang'!B:B,B62)=0,SUBSTITUTE(TRIM(B62)," ","-"),COUNTIF('Master Barang'!B:B,B62)=1,XLOOKUP(B62,'Master Barang'!B:B,'Master Barang'!C:C,,,1))} | I62: =IFERROR(__xludf.DUMMYFUNCTION("if(OR(B62="""",E62=""""),"""", LET( Nama, B62, SKU, C62, Estimasi, E62, QtyOrder, F62, FilterTrans, FILTER( Transaksi!B:H, Transaksi!F:F=""Barang Datang"", Transaksi!D:D=Nama, Transaksi!E:E=SKU ), TotalDatang, IFERROR(S"&"UM(INDEX(FilterTrans,,7)), 0), TanggalDatang, IFERROR(MAX(INDEX(FilterTrans,,1)), 0), SelisihQty, QtyOrder-TotalDatang, SelisihHari, TanggalDatang-Estimasi, KeteranganQty, IF(SelisihQty=0, ""Oke"", IF(SelisihQty>0, ""Kurang "" & Selisih"&"Qty & "" pcs"", ""Lebih "" & ABS(SelisihQty) & "" pcs"")), KeteranganHari, IF(TanggalDatang=0, ""Belum datang"", IF(SelisihHari=0, """", IF(SelisihHari>0, ""Terlambat "" & SelisihHari & "" hari"", ""Lebih cepat "" & ABS(SelisihHari"&") & "" hari""))), Hasil, IF(TanggalDatang=0, KeteranganHari, IF(AND(SelisihQty=0, SelisihHari=0), ""Oke"", IF(SelisihQty=0, KeteranganHari, IF(SelisihHari=0, KeteranganQty, KeteranganHari & "" dengan "" & LOWER(KeteranganQty))))), "&" Hasil ))"),"")
A63: =IF(B63<>"",ROW(B63)-ROW($B$1),"") | C63: {=IFS(B63="","",COUNTIF('Master Barang'!B:B,B63)=0,SUBSTITUTE(TRIM(B63)," ","-"),COUNTIF('Master Barang'!B:B,B63)=1,XLOOKUP(B63,'Master Barang'!B:B,'Master Barang'!C:C,,,1))} | I63: =IFERROR(__xludf.DUMMYFUNCTION("if(OR(B63="""",E63=""""),"""", LET( Nama, B63, SKU, C63, Estimasi, E63, QtyOrder, F63, FilterTrans, FILTER( Transaksi!B:H, Transaksi!F:F=""Barang Datang"", Transaksi!D:D=Nama, Transaksi!E:E=SKU ), TotalDatang, IFERROR(S"&"UM(INDEX(FilterTrans,,7)), 0), TanggalDatang, IFERROR(MAX(INDEX(FilterTrans,,1)), 0), SelisihQty, QtyOrder-TotalDatang, SelisihHari, TanggalDatang-Estimasi, KeteranganQty, IF(SelisihQty=0, ""Oke"", IF(SelisihQty>0, ""Kurang "" & Selisih"&"Qty & "" pcs"", ""Lebih "" & ABS(SelisihQty) & "" pcs"")), KeteranganHari, IF(TanggalDatang=0, ""Belum datang"", IF(SelisihHari=0, """", IF(SelisihHari>0, ""Terlambat "" & SelisihHari & "" hari"", ""Lebih cepat "" & ABS(SelisihHari"&") & "" hari""))), Hasil, IF(TanggalDatang=0, KeteranganHari, IF(AND(SelisihQty=0, SelisihHari=0), ""Oke"", IF(SelisihQty=0, KeteranganHari, IF(SelisihHari=0, KeteranganQty, KeteranganHari & "" dengan "" & LOWER(KeteranganQty))))), "&" Hasil ))"),"")
A64: =IF(B64<>"",ROW(B64)-ROW($B$1),"") | C64: {=IFS(B64="","",COUNTIF('Master Barang'!B:B,B64)=0,SUBSTITUTE(TRIM(B64)," ","-"),COUNTIF('Master Barang'!B:B,B64)=1,XLOOKUP(B64,'Master Barang'!B:B,'Master Barang'!C:C,,,1))} | I64: =IFERROR(__xludf.DUMMYFUNCTION("if(OR(B64="""",E64=""""),"""", LET( Nama, B64, SKU, C64, Estimasi, E64, QtyOrder, F64, FilterTrans, FILTER( Transaksi!B:H, Transaksi!F:F=""Barang Datang"", Transaksi!D:D=Nama, Transaksi!E:E=SKU ), TotalDatang, IFERROR(S"&"UM(INDEX(FilterTrans,,7)), 0), TanggalDatang, IFERROR(MAX(INDEX(FilterTrans,,1)), 0), SelisihQty, QtyOrder-TotalDatang, SelisihHari, TanggalDatang-Estimasi, KeteranganQty, IF(SelisihQty=0, ""Oke"", IF(SelisihQty>0, ""Kurang "" & Selisih"&"Qty & "" pcs"", ""Lebih "" & ABS(SelisihQty) & "" pcs"")), KeteranganHari, IF(TanggalDatang=0, ""Belum datang"", IF(SelisihHari=0, """", IF(SelisihHari>0, ""Terlambat "" & SelisihHari & "" hari"", ""Lebih cepat "" & ABS(SelisihHari"&") & "" hari""))), Hasil, IF(TanggalDatang=0, KeteranganHari, IF(AND(SelisihQty=0, SelisihHari=0), ""Oke"", IF(SelisihQty=0, KeteranganHari, IF(SelisihHari=0, KeteranganQty, KeteranganHari & "" dengan "" & LOWER(KeteranganQty))))), "&" Hasil ))"),"")
A65: =IF(B65<>"",ROW(B65)-ROW($B$1),"") | C65: {=IFS(B65="","",COUNTIF('Master Barang'!B:B,B65)=0,SUBSTITUTE(TRIM(B65)," ","-"),COUNTIF('Master Barang'!B:B,B65)=1,XLOOKUP(B65,'Master Barang'!B:B,'Master Barang'!C:C,,,1))} | I65: =IFERROR(__xludf.DUMMYFUNCTION("if(OR(B65="""",E65=""""),"""", LET( Nama, B65, SKU, C65, Estimasi, E65, QtyOrder, F65, FilterTrans, FILTER( Transaksi!B:H, Transaksi!F:F=""Barang Datang"", Transaksi!D:D=Nama, Transaksi!E:E=SKU ), TotalDatang, IFERROR(S"&"UM(INDEX(FilterTrans,,7)), 0), TanggalDatang, IFERROR(MAX(INDEX(FilterTrans,,1)), 0), SelisihQty, QtyOrder-TotalDatang, SelisihHari, TanggalDatang-Estimasi, KeteranganQty, IF(SelisihQty=0, ""Oke"", IF(SelisihQty>0, ""Kurang "" & Selisih"&"Qty & "" pcs"", ""Lebih "" & ABS(SelisihQty) & "" pcs"")), KeteranganHari, IF(TanggalDatang=0, ""Belum datang"", IF(SelisihHari=0, """", IF(SelisihHari>0, ""Terlambat "" & SelisihHari & "" hari"", ""Lebih cepat "" & ABS(SelisihHari"&") & "" hari""))), Hasil, IF(TanggalDatang=0, KeteranganHari, IF(AND(SelisihQty=0, SelisihHari=0), ""Oke"", IF(SelisihQty=0, KeteranganHari, IF(SelisihHari=0, KeteranganQty, KeteranganHari & "" dengan "" & LOWER(KeteranganQty))))), "&" Hasil ))"),"")
A66: =IF(B66<>"",ROW(B66)-ROW($B$1),"") | C66: {=IFS(B66="","",COUNTIF('Master Barang'!B:B,B66)=0,SUBSTITUTE(TRIM(B66)," ","-"),COUNTIF('Master Barang'!B:B,B66)=1,XLOOKUP(B66,'Master Barang'!B:B,'Master Barang'!C:C,,,1))} | I66: =IFERROR(__xludf.DUMMYFUNCTION("if(OR(B66="""",E66=""""),"""", LET( Nama, B66, SKU, C66, Estimasi, E66, QtyOrder, F66, FilterTrans, FILTER( Transaksi!B:H, Transaksi!F:F=""Barang Datang"", Transaksi!D:D=Nama, Transaksi!E:E=SKU ), TotalDatang, IFERROR(S"&"UM(INDEX(FilterTrans,,7)), 0), TanggalDatang, IFERROR(MAX(INDEX(FilterTrans,,1)), 0), SelisihQty, QtyOrder-TotalDatang, SelisihHari, TanggalDatang-Estimasi, KeteranganQty, IF(SelisihQty=0, ""Oke"", IF(SelisihQty>0, ""Kurang "" & Selisih"&"Qty & "" pcs"", ""Lebih "" & ABS(SelisihQty) & "" pcs"")), KeteranganHari, IF(TanggalDatang=0, ""Belum datang"", IF(SelisihHari=0, """", IF(SelisihHari>0, ""Terlambat "" & SelisihHari & "" hari"", ""Lebih cepat "" & ABS(SelisihHari"&") & "" hari""))), Hasil, IF(TanggalDatang=0, KeteranganHari, IF(AND(SelisihQty=0, SelisihHari=0), ""Oke"", IF(SelisihQty=0, KeteranganHari, IF(SelisihHari=0, KeteranganQty, KeteranganHari & "" dengan "" & LOWER(KeteranganQty))))), "&" Hasil ))"),"")
A67: =IF(B67<>"",ROW(B67)-ROW($B$1),"") | C67: {=IFS(B67="","",COUNTIF('Master Barang'!B:B,B67)=0,SUBSTITUTE(TRIM(B67)," ","-"),COUNTIF('Master Barang'!B:B,B67)=1,XLOOKUP(B67,'Master Barang'!B:B,'Master Barang'!C:C,,,1))} | I67: =IFERROR(__xludf.DUMMYFUNCTION("if(OR(B67="""",E67=""""),"""", LET( Nama, B67, SKU, C67, Estimasi, E67, QtyOrder, F67, FilterTrans, FILTER( Transaksi!B:H, Transaksi!F:F=""Barang Datang"", Transaksi!D:D=Nama, Transaksi!E:E=SKU ), TotalDatang, IFERROR(S"&"UM(INDEX(FilterTrans,,7)), 0), TanggalDatang, IFERROR(MAX(INDEX(FilterTrans,,1)), 0), SelisihQty, QtyOrder-TotalDatang, SelisihHari, TanggalDatang-Estimasi, KeteranganQty, IF(SelisihQty=0, ""Oke"", IF(SelisihQty>0, ""Kurang "" & Selisih"&"Qty & "" pcs"", ""Lebih "" & ABS(SelisihQty) & "" pcs"")), KeteranganHari, IF(TanggalDatang=0, ""Belum datang"", IF(SelisihHari=0, """", IF(SelisihHari>0, ""Terlambat "" & SelisihHari & "" hari"", ""Lebih cepat "" & ABS(SelisihHari"&") & "" hari""))), Hasil, IF(TanggalDatang=0, KeteranganHari, IF(AND(SelisihQty=0, SelisihHari=0), ""Oke"", IF(SelisihQty=0, KeteranganHari, IF(SelisihHari=0, KeteranganQty, KeteranganHari & "" dengan "" & LOWER(KeteranganQty))))), "&" Hasil ))"),"")
A68: =IF(B68<>"",ROW(B68)-ROW($B$1),"") | C68: {=IFS(B68="","",COUNTIF('Master Barang'!B:B,B68)=0,SUBSTITUTE(TRIM(B68)," ","-"),COUNTIF('Master Barang'!B:B,B68)=1,XLOOKUP(B68,'Master Barang'!B:B,'Master Barang'!C:C,,,1))} | I68: =IFERROR(__xludf.DUMMYFUNCTION("if(OR(B68="""",E68=""""),"""", LET( Nama, B68, SKU, C68, Estimasi, E68, QtyOrder, F68, FilterTrans, FILTER( Transaksi!B:H, Transaksi!F:F=""Barang Datang"", Transaksi!D:D=Nama, Transaksi!E:E=SKU ), TotalDatang, IFERROR(S"&"UM(INDEX(FilterTrans,,7)), 0), TanggalDatang, IFERROR(MAX(INDEX(FilterTrans,,1)), 0), SelisihQty, QtyOrder-TotalDatang, SelisihHari, TanggalDatang-Estimasi, KeteranganQty, IF(SelisihQty=0, ""Oke"", IF(SelisihQty>0, ""Kurang "" & Selisih"&"Qty & "" pcs"", ""Lebih "" & ABS(SelisihQty) & "" pcs"")), KeteranganHari, IF(TanggalDatang=0, ""Belum datang"", IF(SelisihHari=0, """", IF(SelisihHari>0, ""Terlambat "" & SelisihHari & "" hari"", ""Lebih cepat "" & ABS(SelisihHari"&") & "" hari""))), Hasil, IF(TanggalDatang=0, KeteranganHari, IF(AND(SelisihQty=0, SelisihHari=0), ""Oke"", IF(SelisihQty=0, KeteranganHari, IF(SelisihHari=0, KeteranganQty, KeteranganHari & "" dengan "" & LOWER(KeteranganQty))))), "&" Hasil ))"),"")
A69: =IF(B69<>"",ROW(B69)-ROW($B$1),"") | C69: {=IFS(B69="","",COUNTIF('Master Barang'!B:B,B69)=0,SUBSTITUTE(TRIM(B69)," ","-"),COUNTIF('Master Barang'!B:B,B69)=1,XLOOKUP(B69,'Master Barang'!B:B,'Master Barang'!C:C,,,1))} | I69: =IFERROR(__xludf.DUMMYFUNCTION("if(OR(B69="""",E69=""""),"""", LET( Nama, B69, SKU, C69, Estimasi, E69, QtyOrder, F69, FilterTrans, FILTER( Transaksi!B:H, Transaksi!F:F=""Barang Datang"", Transaksi!D:D=Nama, Transaksi!E:E=SKU ), TotalDatang, IFERROR(S"&"UM(INDEX(FilterTrans,,7)), 0), TanggalDatang, IFERROR(MAX(INDEX(FilterTrans,,1)), 0), SelisihQty, QtyOrder-TotalDatang, SelisihHari, TanggalDatang-Estimasi, KeteranganQty, IF(SelisihQty=0, ""Oke"", IF(SelisihQty>0, ""Kurang "" & Selisih"&"Qty & "" pcs"", ""Lebih "" & ABS(SelisihQty) & "" pcs"")), KeteranganHari, IF(TanggalDatang=0, ""Belum datang"", IF(SelisihHari=0, """", IF(SelisihHari>0, ""Terlambat "" & SelisihHari & "" hari"", ""Lebih cepat "" & ABS(SelisihHari"&") & "" hari""))), Hasil, IF(TanggalDatang=0, KeteranganHari, IF(AND(SelisihQty=0, SelisihHari=0), ""Oke"", IF(SelisihQty=0, KeteranganHari, IF(SelisihHari=0, KeteranganQty, KeteranganHari & "" dengan "" & LOWER(KeteranganQty))))), "&" Hasil ))"),"")
A70: =IF(B70<>"",ROW(B70)-ROW($B$1),"") | C70: {=IFS(B70="","",COUNTIF('Master Barang'!B:B,B70)=0,SUBSTITUTE(TRIM(B70)," ","-"),COUNTIF('Master Barang'!B:B,B70)=1,XLOOKUP(B70,'Master Barang'!B:B,'Master Barang'!C:C,,,1))} | I70: =IFERROR(__xludf.DUMMYFUNCTION("if(OR(B70="""",E70=""""),"""", LET( Nama, B70, SKU, C70, Estimasi, E70, QtyOrder, F70, FilterTrans, FILTER( Transaksi!B:H, Transaksi!F:F=""Barang Datang"", Transaksi!D:D=Nama, Transaksi!E:E=SKU ), TotalDatang, IFERROR(S"&"UM(INDEX(FilterTrans,,7)), 0), TanggalDatang, IFERROR(MAX(INDEX(FilterTrans,,1)), 0), SelisihQty, QtyOrder-TotalDatang, SelisihHari, TanggalDatang-Estimasi, KeteranganQty, IF(SelisihQty=0, ""Oke"", IF(SelisihQty>0, ""Kurang "" & Selisih"&"Qty & "" pcs"", ""Lebih "" & ABS(SelisihQty) & "" pcs"")), KeteranganHari, IF(TanggalDatang=0, ""Belum datang"", IF(SelisihHari=0, """", IF(SelisihHari>0, ""Terlambat "" & SelisihHari & "" hari"", ""Lebih cepat "" & ABS(SelisihHari"&") & "" hari""))), Hasil, IF(TanggalDatang=0, KeteranganHari, IF(AND(SelisihQty=0, SelisihHari=0), ""Oke"", IF(SelisihQty=0, KeteranganHari, IF(SelisihHari=0, KeteranganQty, KeteranganHari & "" dengan "" & LOWER(KeteranganQty))))), "&" Hasil ))"),"")
A71: =IF(B71<>"",ROW(B71)-ROW($B$1),"") | C71: {=IFS(B71="","",COUNTIF('Master Barang'!B:B,B71)=0,SUBSTITUTE(TRIM(B71)," ","-"),COUNTIF('Master Barang'!B:B,B71)=1,XLOOKUP(B71,'Master Barang'!B:B,'Master Barang'!C:C,,,1))} | I71: =IFERROR(__xludf.DUMMYFUNCTION("if(OR(B71="""",E71=""""),"""", LET( Nama, B71, SKU, C71, Estimasi, E71, QtyOrder, F71, FilterTrans, FILTER( Transaksi!B:H, Transaksi!F:F=""Barang Datang"", Transaksi!D:D=Nama, Transaksi!E:E=SKU ), TotalDatang, IFERROR(S"&"UM(INDEX(FilterTrans,,7)), 0), TanggalDatang, IFERROR(MAX(INDEX(FilterTrans,,1)), 0), SelisihQty, QtyOrder-TotalDatang, SelisihHari, TanggalDatang-Estimasi, KeteranganQty, IF(SelisihQty=0, ""Oke"", IF(SelisihQty>0, ""Kurang "" & Selisih"&"Qty & "" pcs"", ""Lebih "" & ABS(SelisihQty) & "" pcs"")), KeteranganHari, IF(TanggalDatang=0, ""Belum datang"", IF(SelisihHari=0, """", IF(SelisihHari>0, ""Terlambat "" & SelisihHari & "" hari"", ""Lebih cepat "" & ABS(SelisihHari"&") & "" hari""))), Hasil, IF(TanggalDatang=0, KeteranganHari, IF(AND(SelisihQty=0, SelisihHari=0), ""Oke"", IF(SelisihQty=0, KeteranganHari, IF(SelisihHari=0, KeteranganQty, KeteranganHari & "" dengan "" & LOWER(KeteranganQty))))), "&" Hasil ))"),"")
A72: =IF(B72<>"",ROW(B72)-ROW($B$1),"") | C72: {=IFS(B72="","",COUNTIF('Master Barang'!B:B,B72)=0,SUBSTITUTE(TRIM(B72)," ","-"),COUNTIF('Master Barang'!B:B,B72)=1,XLOOKUP(B72,'Master Barang'!B:B,'Master Barang'!C:C,,,1))} | I72: =IFERROR(__xludf.DUMMYFUNCTION("if(OR(B72="""",E72=""""),"""", LET( Nama, B72, SKU, C72, Estimasi, E72, QtyOrder, F72, FilterTrans, FILTER( Transaksi!B:H, Transaksi!F:F=""Barang Datang"", Transaksi!D:D=Nama, Transaksi!E:E=SKU ), TotalDatang, IFERROR(S"&"UM(INDEX(FilterTrans,,7)), 0), TanggalDatang, IFERROR(MAX(INDEX(FilterTrans,,1)), 0), SelisihQty, QtyOrder-TotalDatang, SelisihHari, TanggalDatang-Estimasi, KeteranganQty, IF(SelisihQty=0, ""Oke"", IF(SelisihQty>0, ""Kurang "" & Selisih"&"Qty & "" pcs"", ""Lebih "" & ABS(SelisihQty) & "" pcs"")), KeteranganHari, IF(TanggalDatang=0, ""Belum datang"", IF(SelisihHari=0, """", IF(SelisihHari>0, ""Terlambat "" & SelisihHari & "" hari"", ""Lebih cepat "" & ABS(SelisihHari"&") & "" hari""))), Hasil, IF(TanggalDatang=0, KeteranganHari, IF(AND(SelisihQty=0, SelisihHari=0), ""Oke"", IF(SelisihQty=0, KeteranganHari, IF(SelisihHari=0, KeteranganQty, KeteranganHari & "" dengan "" & LOWER(KeteranganQty))))), "&" Hasil ))"),"")
A73: =IF(B73<>"",ROW(B73)-ROW($B$1),"") | C73: {=IFS(B73="","",COUNTIF('Master Barang'!B:B,B73)=0,SUBSTITUTE(TRIM(B73)," ","-"),COUNTIF('Master Barang'!B:B,B73)=1,XLOOKUP(B73,'Master Barang'!B:B,'Master Barang'!C:C,,,1))} | I73: =IFERROR(__xludf.DUMMYFUNCTION("if(OR(B73="""",E73=""""),"""", LET( Nama, B73, SKU, C73, Estimasi, E73, QtyOrder, F73, FilterTrans, FILTER( Transaksi!B:H, Transaksi!F:F=""Barang Datang"", Transaksi!D:D=Nama, Transaksi!E:E=SKU ), TotalDatang, IFERROR(S"&"UM(INDEX(FilterTrans,,7)), 0), TanggalDatang, IFERROR(MAX(INDEX(FilterTrans,,1)), 0), SelisihQty, QtyOrder-TotalDatang, SelisihHari, TanggalDatang-Estimasi, KeteranganQty, IF(SelisihQty=0, ""Oke"", IF(SelisihQty>0, ""Kurang "" & Selisih"&"Qty & "" pcs"", ""Lebih "" & ABS(SelisihQty) & "" pcs"")), KeteranganHari, IF(TanggalDatang=0, ""Belum datang"", IF(SelisihHari=0, """", IF(SelisihHari>0, ""Terlambat "" & SelisihHari & "" hari"", ""Lebih cepat "" & ABS(SelisihHari"&") & "" hari""))), Hasil, IF(TanggalDatang=0, KeteranganHari, IF(AND(SelisihQty=0, SelisihHari=0), ""Oke"", IF(SelisihQty=0, KeteranganHari, IF(SelisihHari=0, KeteranganQty, KeteranganHari & "" dengan "" & LOWER(KeteranganQty))))), "&" Hasil ))"),"")
A74: =IF(B74<>"",ROW(B74)-ROW($B$1),"") | C74: {=IFS(B74="","",COUNTIF('Master Barang'!B:B,B74)=0,SUBSTITUTE(TRIM(B74)," ","-"),COUNTIF('Master Barang'!B:B,B74)=1,XLOOKUP(B74,'Master Barang'!B:B,'Master Barang'!C:C,,,1))} | I74: =IFERROR(__xludf.DUMMYFUNCTION("if(OR(B74="""",E74=""""),"""", LET( Nama, B74, SKU, C74, Estimasi, E74, QtyOrder, F74, FilterTrans, FILTER( Transaksi!B:H, Transaksi!F:F=""Barang Datang"", Transaksi!D:D=Nama, Transaksi!E:E=SKU ), TotalDatang, IFERROR(S"&"UM(INDEX(FilterTrans,,7)), 0), TanggalDatang, IFERROR(MAX(INDEX(FilterTrans,,1)), 0), SelisihQty, QtyOrder-TotalDatang, SelisihHari, TanggalDatang-Estimasi, KeteranganQty, IF(SelisihQty=0, ""Oke"", IF(SelisihQty>0, ""Kurang "" & Selisih"&"Qty & "" pcs"", ""Lebih "" & ABS(SelisihQty) & "" pcs"")), KeteranganHari, IF(TanggalDatang=0, ""Belum datang"", IF(SelisihHari=0, """", IF(SelisihHari>0, ""Terlambat "" & SelisihHari & "" hari"", ""Lebih cepat "" & ABS(SelisihHari"&") & "" hari""))), Hasil, IF(TanggalDatang=0, KeteranganHari, IF(AND(SelisihQty=0, SelisihHari=0), ""Oke"", IF(SelisihQty=0, KeteranganHari, IF(SelisihHari=0, KeteranganQty, KeteranganHari & "" dengan "" & LOWER(KeteranganQty))))), "&" Hasil ))"),"")
A75: =IF(B75<>"",ROW(B75)-ROW($B$1),"") | C75: {=IFS(B75="","",COUNTIF('Master Barang'!B:B,B75)=0,SUBSTITUTE(TRIM(B75)," ","-"),COUNTIF('Master Barang'!B:B,B75)=1,XLOOKUP(B75,'Master Barang'!B:B,'Master Barang'!C:C,,,1))} | I75: =IFERROR(__xludf.DUMMYFUNCTION("if(OR(B75="""",E75=""""),"""", LET( Nama, B75, SKU, C75, Estimasi, E75, QtyOrder, F75, FilterTrans, FILTER( Transaksi!B:H, Transaksi!F:F=""Barang Datang"", Transaksi!D:D=Nama, Transaksi!E:E=SKU ), TotalDatang, IFERROR(S"&"UM(INDEX(FilterTrans,,7)), 0), TanggalDatang, IFERROR(MAX(INDEX(FilterTrans,,1)), 0), SelisihQty, QtyOrder-TotalDatang, SelisihHari, TanggalDatang-Estimasi, KeteranganQty, IF(SelisihQty=0, ""Oke"", IF(SelisihQty>0, ""Kurang "" & Selisih"&"Qty & "" pcs"", ""Lebih "" & ABS(SelisihQty) & "" pcs"")), KeteranganHari, IF(TanggalDatang=0, ""Belum datang"", IF(SelisihHari=0, """", IF(SelisihHari>0, ""Terlambat "" & SelisihHari & "" hari"", ""Lebih cepat "" & ABS(SelisihHari"&") & "" hari""))), Hasil, IF(TanggalDatang=0, KeteranganHari, IF(AND(SelisihQty=0, SelisihHari=0), ""Oke"", IF(SelisihQty=0, KeteranganHari, IF(SelisihHari=0, KeteranganQty, KeteranganHari & "" dengan "" & LOWER(KeteranganQty))))), "&" Hasil ))"),"")
A76: =IF(B76<>"",ROW(B76)-ROW($B$1),"") | C76: {=IFS(B76="","",COUNTIF('Master Barang'!B:B,B76)=0,SUBSTITUTE(TRIM(B76)," ","-"),COUNTIF('Master Barang'!B:B,B76)=1,XLOOKUP(B76,'Master Barang'!B:B,'Master Barang'!C:C,,,1))} | I76: =IFERROR(__xludf.DUMMYFUNCTION("if(OR(B76="""",E76=""""),"""", LET( Nama, B76, SKU, C76, Estimasi, E76, QtyOrder, F76, FilterTrans, FILTER( Transaksi!B:H, Transaksi!F:F=""Barang Datang"", Transaksi!D:D=Nama, Transaksi!E:E=SKU ), TotalDatang, IFERROR(S"&"UM(INDEX(FilterTrans,,7)), 0), TanggalDatang, IFERROR(MAX(INDEX(FilterTrans,,1)), 0), SelisihQty, QtyOrder-TotalDatang, SelisihHari, TanggalDatang-Estimasi, KeteranganQty, IF(SelisihQty=0, ""Oke"", IF(SelisihQty>0, ""Kurang "" & Selisih"&"Qty & "" pcs"", ""Lebih "" & ABS(SelisihQty) & "" pcs"")), KeteranganHari, IF(TanggalDatang=0, ""Belum datang"", IF(SelisihHari=0, """", IF(SelisihHari>0, ""Terlambat "" & SelisihHari & "" hari"", ""Lebih cepat "" & ABS(SelisihHari"&") & "" hari""))), Hasil, IF(TanggalDatang=0, KeteranganHari, IF(AND(SelisihQty=0, SelisihHari=0), ""Oke"", IF(SelisihQty=0, KeteranganHari, IF(SelisihHari=0, KeteranganQty, KeteranganHari & "" dengan "" & LOWER(KeteranganQty))))), "&" Hasil ))"),"")
A77: =IF(B77<>"",ROW(B77)-ROW($B$1),"") | C77: {=IFS(B77="","",COUNTIF('Master Barang'!B:B,B77)=0,SUBSTITUTE(TRIM(B77)," ","-"),COUNTIF('Master Barang'!B:B,B77)=1,XLOOKUP(B77,'Master Barang'!B:B,'Master Barang'!C:C,,,1))} | I77: =IFERROR(__xludf.DUMMYFUNCTION("if(OR(B77="""",E77=""""),"""", LET( Nama, B77, SKU, C77, Estimasi, E77, QtyOrder, F77, FilterTrans, FILTER( Transaksi!B:H, Transaksi!F:F=""Barang Datang"", Transaksi!D:D=Nama, Transaksi!E:E=SKU ), TotalDatang, IFERROR(S"&"UM(INDEX(FilterTrans,,7)), 0), TanggalDatang, IFERROR(MAX(INDEX(FilterTrans,,1)), 0), SelisihQty, QtyOrder-TotalDatang, SelisihHari, TanggalDatang-Estimasi, KeteranganQty, IF(SelisihQty=0, ""Oke"", IF(SelisihQty>0, ""Kurang "" & Selisih"&"Qty & "" pcs"", ""Lebih "" & ABS(SelisihQty) & "" pcs"")), KeteranganHari, IF(TanggalDatang=0, ""Belum datang"", IF(SelisihHari=0, """", IF(SelisihHari>0, ""Terlambat "" & SelisihHari & "" hari"", ""Lebih cepat "" & ABS(SelisihHari"&") & "" hari""))), Hasil, IF(TanggalDatang=0, KeteranganHari, IF(AND(SelisihQty=0, SelisihHari=0), ""Oke"", IF(SelisihQty=0, KeteranganHari, IF(SelisihHari=0, KeteranganQty, KeteranganHari & "" dengan "" & LOWER(KeteranganQty))))), "&" Hasil ))"),"")
A78: =IF(B78<>"",ROW(B78)-ROW($B$1),"") | C78: {=IFS(B78="","",COUNTIF('Master Barang'!B:B,B78)=0,SUBSTITUTE(TRIM(B78)," ","-"),COUNTIF('Master Barang'!B:B,B78)=1,XLOOKUP(B78,'Master Barang'!B:B,'Master Barang'!C:C,,,1))} | I78: =IFERROR(__xludf.DUMMYFUNCTION("if(OR(B78="""",E78=""""),"""", LET( Nama, B78, SKU, C78, Estimasi, E78, QtyOrder, F78, FilterTrans, FILTER( Transaksi!B:H, Transaksi!F:F=""Barang Datang"", Transaksi!D:D=Nama, Transaksi!E:E=SKU ), TotalDatang, IFERROR(S"&"UM(INDEX(FilterTrans,,7)), 0), TanggalDatang, IFERROR(MAX(INDEX(FilterTrans,,1)), 0), SelisihQty, QtyOrder-TotalDatang, SelisihHari, TanggalDatang-Estimasi, KeteranganQty, IF(SelisihQty=0, ""Oke"", IF(SelisihQty>0, ""Kurang "" & Selisih"&"Qty & "" pcs"", ""Lebih "" & ABS(SelisihQty) & "" pcs"")), KeteranganHari, IF(TanggalDatang=0, ""Belum datang"", IF(SelisihHari=0, """", IF(SelisihHari>0, ""Terlambat "" & SelisihHari & "" hari"", ""Lebih cepat "" & ABS(SelisihHari"&") & "" hari""))), Hasil, IF(TanggalDatang=0, KeteranganHari, IF(AND(SelisihQty=0, SelisihHari=0), ""Oke"", IF(SelisihQty=0, KeteranganHari, IF(SelisihHari=0, KeteranganQty, KeteranganHari & "" dengan "" & LOWER(KeteranganQty))))), "&" Hasil ))"),"")
A79: =IF(B79<>"",ROW(B79)-ROW($B$1),"") | C79: {=IFS(B79="","",COUNTIF('Master Barang'!B:B,B79)=0,SUBSTITUTE(TRIM(B79)," ","-"),COUNTIF('Master Barang'!B:B,B79)=1,XLOOKUP(B79,'Master Barang'!B:B,'Master Barang'!C:C,,,1))} | I79: =IFERROR(__xludf.DUMMYFUNCTION("if(OR(B79="""",E79=""""),"""", LET( Nama, B79, SKU, C79, Estimasi, E79, QtyOrder, F79, FilterTrans, FILTER( Transaksi!B:H, Transaksi!F:F=""Barang Datang"", Transaksi!D:D=Nama, Transaksi!E:E=SKU ), TotalDatang, IFERROR(S"&"UM(INDEX(FilterTrans,,7)), 0), TanggalDatang, IFERROR(MAX(INDEX(FilterTrans,,1)), 0), SelisihQty, QtyOrder-TotalDatang, SelisihHari, TanggalDatang-Estimasi, KeteranganQty, IF(SelisihQty=0, ""Oke"", IF(SelisihQty>0, ""Kurang "" & Selisih"&"Qty & "" pcs"", ""Lebih "" & ABS(SelisihQty) & "" pcs"")), KeteranganHari, IF(TanggalDatang=0, ""Belum datang"", IF(SelisihHari=0, """", IF(SelisihHari>0, ""Terlambat "" & SelisihHari & "" hari"", ""Lebih cepat "" & ABS(SelisihHari"&") & "" hari""))), Hasil, IF(TanggalDatang=0, KeteranganHari, IF(AND(SelisihQty=0, SelisihHari=0), ""Oke"", IF(SelisihQty=0, KeteranganHari, IF(SelisihHari=0, KeteranganQty, KeteranganHari & "" dengan "" & LOWER(KeteranganQty))))), "&" Hasil ))"),"")
A80: =IF(B80<>"",ROW(B80)-ROW($B$1),"") | C80: {=IFS(B80="","",COUNTIF('Master Barang'!B:B,B80)=0,SUBSTITUTE(TRIM(B80)," ","-"),COUNTIF('Master Barang'!B:B,B80)=1,XLOOKUP(B80,'Master Barang'!B:B,'Master Barang'!C:C,,,1))} | I80: =IFERROR(__xludf.DUMMYFUNCTION("if(OR(B80="""",E80=""""),"""", LET( Nama, B80, SKU, C80, Estimasi, E80, QtyOrder, F80, FilterTrans, FILTER( Transaksi!B:H, Transaksi!F:F=""Barang Datang"", Transaksi!D:D=Nama, Transaksi!E:E=SKU ), TotalDatang, IFERROR(S"&"UM(INDEX(FilterTrans,,7)), 0), TanggalDatang, IFERROR(MAX(INDEX(FilterTrans,,1)), 0), SelisihQty, QtyOrder-TotalDatang, SelisihHari, TanggalDatang-Estimasi, KeteranganQty, IF(SelisihQty=0, ""Oke"", IF(SelisihQty>0, ""Kurang "" & Selisih"&"Qty & "" pcs"", ""Lebih "" & ABS(SelisihQty) & "" pcs"")), KeteranganHari, IF(TanggalDatang=0, ""Belum datang"", IF(SelisihHari=0, """", IF(SelisihHari>0, ""Terlambat "" & SelisihHari & "" hari"", ""Lebih cepat "" & ABS(SelisihHari"&") & "" hari""))), Hasil, IF(TanggalDatang=0, KeteranganHari, IF(AND(SelisihQty=0, SelisihHari=0), ""Oke"", IF(SelisihQty=0, KeteranganHari, IF(SelisihHari=0, KeteranganQty, KeteranganHari & "" dengan "" & LOWER(KeteranganQty))))), "&" Hasil ))"),"")
A81: =IF(B81<>"",ROW(B81)-ROW($B$1),"") | C81: {=IFS(B81="","",COUNTIF('Master Barang'!B:B,B81)=0,SUBSTITUTE(TRIM(B81)," ","-"),COUNTIF('Master Barang'!B:B,B81)=1,XLOOKUP(B81,'Master Barang'!B:B,'Master Barang'!C:C,,,1))} | I81: =IFERROR(__xludf.DUMMYFUNCTION("if(OR(B81="""",E81=""""),"""", LET( Nama, B81, SKU, C81, Estimasi, E81, QtyOrder, F81, FilterTrans, FILTER( Transaksi!B:H, Transaksi!F:F=""Barang Datang"", Transaksi!D:D=Nama, Transaksi!E:E=SKU ), TotalDatang, IFERROR(S"&"UM(INDEX(FilterTrans,,7)), 0), TanggalDatang, IFERROR(MAX(INDEX(FilterTrans,,1)), 0), SelisihQty, QtyOrder-TotalDatang, SelisihHari, TanggalDatang-Estimasi, KeteranganQty, IF(SelisihQty=0, ""Oke"", IF(SelisihQty>0, ""Kurang "" & Selisih"&"Qty & "" pcs"", ""Lebih "" & ABS(SelisihQty) & "" pcs"")), KeteranganHari, IF(TanggalDatang=0, ""Belum datang"", IF(SelisihHari=0, """", IF(SelisihHari>0, ""Terlambat "" & SelisihHari & "" hari"", ""Lebih cepat "" & ABS(SelisihHari"&") & "" hari""))), Hasil, IF(TanggalDatang=0, KeteranganHari, IF(AND(SelisihQty=0, SelisihHari=0), ""Oke"", IF(SelisihQty=0, KeteranganHari, IF(SelisihHari=0, KeteranganQty, KeteranganHari & "" dengan "" & LOWER(KeteranganQty))))), "&" Hasil ))"),"")
A82: =IF(B82<>"",ROW(B82)-ROW($B$1),"") | C82: {=IFS(B82="","",COUNTIF('Master Barang'!B:B,B82)=0,SUBSTITUTE(TRIM(B82)," ","-"),COUNTIF('Master Barang'!B:B,B82)=1,XLOOKUP(B82,'Master Barang'!B:B,'Master Barang'!C:C,,,1))} | I82: =IFERROR(__xludf.DUMMYFUNCTION("if(OR(B82="""",E82=""""),"""", LET( Nama, B82, SKU, C82, Estimasi, E82, QtyOrder, F82, FilterTrans, FILTER( Transaksi!B:H, Transaksi!F:F=""Barang Datang"", Transaksi!D:D=Nama, Transaksi!E:E=SKU ), TotalDatang, IFERROR(S"&"UM(INDEX(FilterTrans,,7)), 0), TanggalDatang, IFERROR(MAX(INDEX(FilterTrans,,1)), 0), SelisihQty, QtyOrder-TotalDatang, SelisihHari, TanggalDatang-Estimasi, KeteranganQty, IF(SelisihQty=0, ""Oke"", IF(SelisihQty>0, ""Kurang "" & Selisih"&"Qty & "" pcs"", ""Lebih "" & ABS(SelisihQty) & "" pcs"")), KeteranganHari, IF(TanggalDatang=0, ""Belum datang"", IF(SelisihHari=0, """", IF(SelisihHari>0, ""Terlambat "" & SelisihHari & "" hari"", ""Lebih cepat "" & ABS(SelisihHari"&") & "" hari""))), Hasil, IF(TanggalDatang=0, KeteranganHari, IF(AND(SelisihQty=0, SelisihHari=0), ""Oke"", IF(SelisihQty=0, KeteranganHari, IF(SelisihHari=0, KeteranganQty, KeteranganHari & "" dengan "" & LOWER(KeteranganQty))))), "&" Hasil ))"),"")
A83: =IF(B83<>"",ROW(B83)-ROW($B$1),"") | C83: {=IFS(B83="","",COUNTIF('Master Barang'!B:B,B83)=0,SUBSTITUTE(TRIM(B83)," ","-"),COUNTIF('Master Barang'!B:B,B83)=1,XLOOKUP(B83,'Master Barang'!B:B,'Master Barang'!C:C,,,1))} | I83: =IFERROR(__xludf.DUMMYFUNCTION("if(OR(B83="""",E83=""""),"""", LET( Nama, B83, SKU, C83, Estimasi, E83, QtyOrder, F83, FilterTrans, FILTER( Transaksi!B:H, Transaksi!F:F=""Barang Datang"", Transaksi!D:D=Nama, Transaksi!E:E=SKU ), TotalDatang, IFERROR(S"&"UM(INDEX(FilterTrans,,7)), 0), TanggalDatang, IFERROR(MAX(INDEX(FilterTrans,,1)), 0), SelisihQty, QtyOrder-TotalDatang, SelisihHari, TanggalDatang-Estimasi, KeteranganQty, IF(SelisihQty=0, ""Oke"", IF(SelisihQty>0, ""Kurang "" & Selisih"&"Qty & "" pcs"", ""Lebih "" & ABS(SelisihQty) & "" pcs"")), KeteranganHari, IF(TanggalDatang=0, ""Belum datang"", IF(SelisihHari=0, """", IF(SelisihHari>0, ""Terlambat "" & SelisihHari & "" hari"", ""Lebih cepat "" & ABS(SelisihHari"&") & "" hari""))), Hasil, IF(TanggalDatang=0, KeteranganHari, IF(AND(SelisihQty=0, SelisihHari=0), ""Oke"", IF(SelisihQty=0, KeteranganHari, IF(SelisihHari=0, KeteranganQty, KeteranganHari & "" dengan "" & LOWER(KeteranganQty))))), "&" Hasil ))"),"")
A84: =IF(B84<>"",ROW(B84)-ROW($B$1),"") | C84: {=IFS(B84="","",COUNTIF('Master Barang'!B:B,B84)=0,SUBSTITUTE(TRIM(B84)," ","-"),COUNTIF('Master Barang'!B:B,B84)=1,XLOOKUP(B84,'Master Barang'!B:B,'Master Barang'!C:C,,,1))} | I84: =IFERROR(__xludf.DUMMYFUNCTION("if(OR(B84="""",E84=""""),"""", LET( Nama, B84, SKU, C84, Estimasi, E84, QtyOrder, F84, FilterTrans, FILTER( Transaksi!B:H, Transaksi!F:F=""Barang Datang"", Transaksi!D:D=Nama, Transaksi!E:E=SKU ), TotalDatang, IFERROR(S"&"UM(INDEX(FilterTrans,,7)), 0), TanggalDatang, IFERROR(MAX(INDEX(FilterTrans,,1)), 0), SelisihQty, QtyOrder-TotalDatang, SelisihHari, TanggalDatang-Estimasi, KeteranganQty, IF(SelisihQty=0, ""Oke"", IF(SelisihQty>0, ""Kurang "" & Selisih"&"Qty & "" pcs"", ""Lebih "" & ABS(SelisihQty) & "" pcs"")), KeteranganHari, IF(TanggalDatang=0, ""Belum datang"", IF(SelisihHari=0, """", IF(SelisihHari>0, ""Terlambat "" & SelisihHari & "" hari"", ""Lebih cepat "" & ABS(SelisihHari"&") & "" hari""))), Hasil, IF(TanggalDatang=0, KeteranganHari, IF(AND(SelisihQty=0, SelisihHari=0), ""Oke"", IF(SelisihQty=0, KeteranganHari, IF(SelisihHari=0, KeteranganQty, KeteranganHari & "" dengan "" & LOWER(KeteranganQty))))), "&" Hasil ))"),"")
A85: =IF(B85<>"",ROW(B85)-ROW($B$1),"") | C85: {=IFS(B85="","",COUNTIF('Master Barang'!B:B,B85)=0,SUBSTITUTE(TRIM(B85)," ","-"),COUNTIF('Master Barang'!B:B,B85)=1,XLOOKUP(B85,'Master Barang'!B:B,'Master Barang'!C:C,,,1))} | I85: =IFERROR(__xludf.DUMMYFUNCTION("if(OR(B85="""",E85=""""),"""", LET( Nama, B85, SKU, C85, Estimasi, E85, QtyOrder, F85, FilterTrans, FILTER( Transaksi!B:H, Transaksi!F:F=""Barang Datang"", Transaksi!D:D=Nama, Transaksi!E:E=SKU ), TotalDatang, IFERROR(S"&"UM(INDEX(FilterTrans,,7)), 0), TanggalDatang, IFERROR(MAX(INDEX(FilterTrans,,1)), 0), SelisihQty, QtyOrder-TotalDatang, SelisihHari, TanggalDatang-Estimasi, KeteranganQty, IF(SelisihQty=0, ""Oke"", IF(SelisihQty>0, ""Kurang "" & Selisih"&"Qty & "" pcs"", ""Lebih "" & ABS(SelisihQty) & "" pcs"")), KeteranganHari, IF(TanggalDatang=0, ""Belum datang"", IF(SelisihHari=0, """", IF(SelisihHari>0, ""Terlambat "" & SelisihHari & "" hari"", ""Lebih cepat "" & ABS(SelisihHari"&") & "" hari""))), Hasil, IF(TanggalDatang=0, KeteranganHari, IF(AND(SelisihQty=0, SelisihHari=0), ""Oke"", IF(SelisihQty=0, KeteranganHari, IF(SelisihHari=0, KeteranganQty, KeteranganHari & "" dengan "" & LOWER(KeteranganQty))))), "&" Hasil ))"),"")
A86: =IF(B86<>"",ROW(B86)-ROW($B$1),"") | C86: {=IFS(B86="","",COUNTIF('Master Barang'!B:B,B86)=0,SUBSTITUTE(TRIM(B86)," ","-"),COUNTIF('Master Barang'!B:B,B86)=1,XLOOKUP(B86,'Master Barang'!B:B,'Master Barang'!C:C,,,1))} | I86: =IFERROR(__xludf.DUMMYFUNCTION("if(OR(B86="""",E86=""""),"""", LET( Nama, B86, SKU, C86, Estimasi, E86, QtyOrder, F86, FilterTrans, FILTER( Transaksi!B:H, Transaksi!F:F=""Barang Datang"", Transaksi!D:D=Nama, Transaksi!E:E=SKU ), TotalDatang, IFERROR(S"&"UM(INDEX(FilterTrans,,7)), 0), TanggalDatang, IFERROR(MAX(INDEX(FilterTrans,,1)), 0), SelisihQty, QtyOrder-TotalDatang, SelisihHari, TanggalDatang-Estimasi, KeteranganQty, IF(SelisihQty=0, ""Oke"", IF(SelisihQty>0, ""Kurang "" & Selisih"&"Qty & "" pcs"", ""Lebih "" & ABS(SelisihQty) & "" pcs"")), KeteranganHari, IF(TanggalDatang=0, ""Belum datang"", IF(SelisihHari=0, """", IF(SelisihHari>0, ""Terlambat "" & SelisihHari & "" hari"", ""Lebih cepat "" & ABS(SelisihHari"&") & "" hari""))), Hasil, IF(TanggalDatang=0, KeteranganHari, IF(AND(SelisihQty=0, SelisihHari=0), ""Oke"", IF(SelisihQty=0, KeteranganHari, IF(SelisihHari=0, KeteranganQty, KeteranganHari & "" dengan "" & LOWER(KeteranganQty))))), "&" Hasil ))"),"")
A87: =IF(B87<>"",ROW(B87)-ROW($B$1),"") | C87: {=IFS(B87="","",COUNTIF('Master Barang'!B:B,B87)=0,SUBSTITUTE(TRIM(B87)," ","-"),COUNTIF('Master Barang'!B:B,B87)=1,XLOOKUP(B87,'Master Barang'!B:B,'Master Barang'!C:C,,,1))} | I87: =IFERROR(__xludf.DUMMYFUNCTION("if(OR(B87="""",E87=""""),"""", LET( Nama, B87, SKU, C87, Estimasi, E87, QtyOrder, F87, FilterTrans, FILTER( Transaksi!B:H, Transaksi!F:F=""Barang Datang"", Transaksi!D:D=Nama, Transaksi!E:E=SKU ), TotalDatang, IFERROR(S"&"UM(INDEX(FilterTrans,,7)), 0), TanggalDatang, IFERROR(MAX(INDEX(FilterTrans,,1)), 0), SelisihQty, QtyOrder-TotalDatang, SelisihHari, TanggalDatang-Estimasi, KeteranganQty, IF(SelisihQty=0, ""Oke"", IF(SelisihQty>0, ""Kurang "" & Selisih"&"Qty & "" pcs"", ""Lebih "" & ABS(SelisihQty) & "" pcs"")), KeteranganHari, IF(TanggalDatang=0, ""Belum datang"", IF(SelisihHari=0, """", IF(SelisihHari>0, ""Terlambat "" & SelisihHari & "" hari"", ""Lebih cepat "" & ABS(SelisihHari"&") & "" hari""))), Hasil, IF(TanggalDatang=0, KeteranganHari, IF(AND(SelisihQty=0, SelisihHari=0), ""Oke"", IF(SelisihQty=0, KeteranganHari, IF(SelisihHari=0, KeteranganQty, KeteranganHari & "" dengan "" & LOWER(KeteranganQty))))), "&" Hasil ))"),"")
A88: =IF(B88<>"",ROW(B88)-ROW($B$1),"") | C88: {=IFS(B88="","",COUNTIF('Master Barang'!B:B,B88)=0,SUBSTITUTE(TRIM(B88)," ","-"),COUNTIF('Master Barang'!B:B,B88)=1,XLOOKUP(B88,'Master Barang'!B:B,'Master Barang'!C:C,,,1))} | I88: =IFERROR(__xludf.DUMMYFUNCTION("if(OR(B88="""",E88=""""),"""", LET( Nama, B88, SKU, C88, Estimasi, E88, QtyOrder, F88, FilterTrans, FILTER( Transaksi!B:H, Transaksi!F:F=""Barang Datang"", Transaksi!D:D=Nama, Transaksi!E:E=SKU ), TotalDatang, IFERROR(S"&"UM(INDEX(FilterTrans,,7)), 0), TanggalDatang, IFERROR(MAX(INDEX(FilterTrans,,1)), 0), SelisihQty, QtyOrder-TotalDatang, SelisihHari, TanggalDatang-Estimasi, KeteranganQty, IF(SelisihQty=0, ""Oke"", IF(SelisihQty>0, ""Kurang "" & Selisih"&"Qty & "" pcs"", ""Lebih "" & ABS(SelisihQty) & "" pcs"")), KeteranganHari, IF(TanggalDatang=0, ""Belum datang"", IF(SelisihHari=0, """", IF(SelisihHari>0, ""Terlambat "" & SelisihHari & "" hari"", ""Lebih cepat "" & ABS(SelisihHari"&") & "" hari""))), Hasil, IF(TanggalDatang=0, KeteranganHari, IF(AND(SelisihQty=0, SelisihHari=0), ""Oke"", IF(SelisihQty=0, KeteranganHari, IF(SelisihHari=0, KeteranganQty, KeteranganHari & "" dengan "" & LOWER(KeteranganQty))))), "&" Hasil ))"),"")
A89: =IF(B89<>"",ROW(B89)-ROW($B$1),"") | C89: {=IFS(B89="","",COUNTIF('Master Barang'!B:B,B89)=0,SUBSTITUTE(TRIM(B89)," ","-"),COUNTIF('Master Barang'!B:B,B89)=1,XLOOKUP(B89,'Master Barang'!B:B,'Master Barang'!C:C,,,1))} | I89: =IFERROR(__xludf.DUMMYFUNCTION("if(OR(B89="""",E89=""""),"""", LET( Nama, B89, SKU, C89, Estimasi, E89, QtyOrder, F89, FilterTrans, FILTER( Transaksi!B:H, Transaksi!F:F=""Barang Datang"", Transaksi!D:D=Nama, Transaksi!E:E=SKU ), TotalDatang, IFERROR(S"&"UM(INDEX(FilterTrans,,7)), 0), TanggalDatang, IFERROR(MAX(INDEX(FilterTrans,,1)), 0), SelisihQty, QtyOrder-TotalDatang, SelisihHari, TanggalDatang-Estimasi, KeteranganQty, IF(SelisihQty=0, ""Oke"", IF(SelisihQty>0, ""Kurang "" & Selisih"&"Qty & "" pcs"", ""Lebih "" & ABS(SelisihQty) & "" pcs"")), KeteranganHari, IF(TanggalDatang=0, ""Belum datang"", IF(SelisihHari=0, """", IF(SelisihHari>0, ""Terlambat "" & SelisihHari & "" hari"", ""Lebih cepat "" & ABS(SelisihHari"&") & "" hari""))), Hasil, IF(TanggalDatang=0, KeteranganHari, IF(AND(SelisihQty=0, SelisihHari=0), ""Oke"", IF(SelisihQty=0, KeteranganHari, IF(SelisihHari=0, KeteranganQty, KeteranganHari & "" dengan "" & LOWER(KeteranganQty))))), "&" Hasil ))"),"")
A90: =IF(B90<>"",ROW(B90)-ROW($B$1),"") | C90: {=IFS(B90="","",COUNTIF('Master Barang'!B:B,B90)=0,SUBSTITUTE(TRIM(B90)," ","-"),COUNTIF('Master Barang'!B:B,B90)=1,XLOOKUP(B90,'Master Barang'!B:B,'Master Barang'!C:C,,,1))} | I90: =IFERROR(__xludf.DUMMYFUNCTION("if(OR(B90="""",E90=""""),"""", LET( Nama, B90, SKU, C90, Estimasi, E90, QtyOrder, F90, FilterTrans, FILTER( Transaksi!B:H, Transaksi!F:F=""Barang Datang"", Transaksi!D:D=Nama, Transaksi!E:E=SKU ), TotalDatang, IFERROR(S"&"UM(INDEX(FilterTrans,,7)), 0), TanggalDatang, IFERROR(MAX(INDEX(FilterTrans,,1)), 0), SelisihQty, QtyOrder-TotalDatang, SelisihHari, TanggalDatang-Estimasi, KeteranganQty, IF(SelisihQty=0, ""Oke"", IF(SelisihQty>0, ""Kurang "" & Selisih"&"Qty & "" pcs"", ""Lebih "" & ABS(SelisihQty) & "" pcs"")), KeteranganHari, IF(TanggalDatang=0, ""Belum datang"", IF(SelisihHari=0, """", IF(SelisihHari>0, ""Terlambat "" & SelisihHari & "" hari"", ""Lebih cepat "" & ABS(SelisihHari"&") & "" hari""))), Hasil, IF(TanggalDatang=0, KeteranganHari, IF(AND(SelisihQty=0, SelisihHari=0), ""Oke"", IF(SelisihQty=0, KeteranganHari, IF(SelisihHari=0, KeteranganQty, KeteranganHari & "" dengan "" & LOWER(KeteranganQty))))), "&" Hasil ))"),"")
A91: =IF(B91<>"",ROW(B91)-ROW($B$1),"") | C91: {=IFS(B91="","",COUNTIF('Master Barang'!B:B,B91)=0,SUBSTITUTE(TRIM(B91)," ","-"),COUNTIF('Master Barang'!B:B,B91)=1,XLOOKUP(B91,'Master Barang'!B:B,'Master Barang'!C:C,,,1))} | I91: =IFERROR(__xludf.DUMMYFUNCTION("if(OR(B91="""",E91=""""),"""", LET( Nama, B91, SKU, C91, Estimasi, E91, QtyOrder, F91, FilterTrans, FILTER( Transaksi!B:H, Transaksi!F:F=""Barang Datang"", Transaksi!D:D=Nama, Transaksi!E:E=SKU ), TotalDatang, IFERROR(S"&"UM(INDEX(FilterTrans,,7)), 0), TanggalDatang, IFERROR(MAX(INDEX(FilterTrans,,1)), 0), SelisihQty, QtyOrder-TotalDatang, SelisihHari, TanggalDatang-Estimasi, KeteranganQty, IF(SelisihQty=0, ""Oke"", IF(SelisihQty>0, ""Kurang "" & Selisih"&"Qty & "" pcs"", ""Lebih "" & ABS(SelisihQty) & "" pcs"")), KeteranganHari, IF(TanggalDatang=0, ""Belum datang"", IF(SelisihHari=0, """", IF(SelisihHari>0, ""Terlambat "" & SelisihHari & "" hari"", ""Lebih cepat "" & ABS(SelisihHari"&") & "" hari""))), Hasil, IF(TanggalDatang=0, KeteranganHari, IF(AND(SelisihQty=0, SelisihHari=0), ""Oke"", IF(SelisihQty=0, KeteranganHari, IF(SelisihHari=0, KeteranganQty, KeteranganHari & "" dengan "" & LOWER(KeteranganQty))))), "&" Hasil ))"),"")
A92: =IF(B92<>"",ROW(B92)-ROW($B$1),"") | C92: {=IFS(B92="","",COUNTIF('Master Barang'!B:B,B92)=0,SUBSTITUTE(TRIM(B92)," ","-"),COUNTIF('Master Barang'!B:B,B92)=1,XLOOKUP(B92,'Master Barang'!B:B,'Master Barang'!C:C,,,1))} | I92: =IFERROR(__xludf.DUMMYFUNCTION("if(OR(B92="""",E92=""""),"""", LET( Nama, B92, SKU, C92, Estimasi, E92, QtyOrder, F92, FilterTrans, FILTER( Transaksi!B:H, Transaksi!F:F=""Barang Datang"", Transaksi!D:D=Nama, Transaksi!E:E=SKU ), TotalDatang, IFERROR(S"&"UM(INDEX(FilterTrans,,7)), 0), TanggalDatang, IFERROR(MAX(INDEX(FilterTrans,,1)), 0), SelisihQty, QtyOrder-TotalDatang, SelisihHari, TanggalDatang-Estimasi, KeteranganQty, IF(SelisihQty=0, ""Oke"", IF(SelisihQty>0, ""Kurang "" & Selisih"&"Qty & "" pcs"", ""Lebih "" & ABS(SelisihQty) & "" pcs"")), KeteranganHari, IF(TanggalDatang=0, ""Belum datang"", IF(SelisihHari=0, """", IF(SelisihHari>0, ""Terlambat "" & SelisihHari & "" hari"", ""Lebih cepat "" & ABS(SelisihHari"&") & "" hari""))), Hasil, IF(TanggalDatang=0, KeteranganHari, IF(AND(SelisihQty=0, SelisihHari=0), ""Oke"", IF(SelisihQty=0, KeteranganHari, IF(SelisihHari=0, KeteranganQty, KeteranganHari & "" dengan "" & LOWER(KeteranganQty))))), "&" Hasil ))"),"")
A93: =IF(B93<>"",ROW(B93)-ROW($B$1),"") | C93: {=IFS(B93="","",COUNTIF('Master Barang'!B:B,B93)=0,SUBSTITUTE(TRIM(B93)," ","-"),COUNTIF('Master Barang'!B:B,B93)=1,XLOOKUP(B93,'Master Barang'!B:B,'Master Barang'!C:C,,,1))} | I93: =IFERROR(__xludf.DUMMYFUNCTION("if(OR(B93="""",E93=""""),"""", LET( Nama, B93, SKU, C93, Estimasi, E93, QtyOrder, F93, FilterTrans, FILTER( Transaksi!B:H, Transaksi!F:F=""Barang Datang"", Transaksi!D:D=Nama, Transaksi!E:E=SKU ), TotalDatang, IFERROR(S"&"UM(INDEX(FilterTrans,,7)), 0), TanggalDatang, IFERROR(MAX(INDEX(FilterTrans,,1)), 0), SelisihQty, QtyOrder-TotalDatang, SelisihHari, TanggalDatang-Estimasi, KeteranganQty, IF(SelisihQty=0, ""Oke"", IF(SelisihQty>0, ""Kurang "" & Selisih"&"Qty & "" pcs"", ""Lebih "" & ABS(SelisihQty) & "" pcs"")), KeteranganHari, IF(TanggalDatang=0, ""Belum datang"", IF(SelisihHari=0, """", IF(SelisihHari>0, ""Terlambat "" & SelisihHari & "" hari"", ""Lebih cepat "" & ABS(SelisihHari"&") & "" hari""))), Hasil, IF(TanggalDatang=0, KeteranganHari, IF(AND(SelisihQty=0, SelisihHari=0), ""Oke"", IF(SelisihQty=0, KeteranganHari, IF(SelisihHari=0, KeteranganQty, KeteranganHari & "" dengan "" & LOWER(KeteranganQty))))), "&" Hasil ))"),"")
A94: =IF(B94<>"",ROW(B94)-ROW($B$1),"") | C94: {=IFS(B94="","",COUNTIF('Master Barang'!B:B,B94)=0,SUBSTITUTE(TRIM(B94)," ","-"),COUNTIF('Master Barang'!B:B,B94)=1,XLOOKUP(B94,'Master Barang'!B:B,'Master Barang'!C:C,,,1))} | I94: =IFERROR(__xludf.DUMMYFUNCTION("if(OR(B94="""",E94=""""),"""", LET( Nama, B94, SKU, C94, Estimasi, E94, QtyOrder, F94, FilterTrans, FILTER( Transaksi!B:H, Transaksi!F:F=""Barang Datang"", Transaksi!D:D=Nama, Transaksi!E:E=SKU ), TotalDatang, IFERROR(S"&"UM(INDEX(FilterTrans,,7)), 0), TanggalDatang, IFERROR(MAX(INDEX(FilterTrans,,1)), 0), SelisihQty, QtyOrder-TotalDatang, SelisihHari, TanggalDatang-Estimasi, KeteranganQty, IF(SelisihQty=0, ""Oke"", IF(SelisihQty>0, ""Kurang "" & Selisih"&"Qty & "" pcs"", ""Lebih "" & ABS(SelisihQty) & "" pcs"")), KeteranganHari, IF(TanggalDatang=0, ""Belum datang"", IF(SelisihHari=0, """", IF(SelisihHari>0, ""Terlambat "" & SelisihHari & "" hari"", ""Lebih cepat "" & ABS(SelisihHari"&") & "" hari""))), Hasil, IF(TanggalDatang=0, KeteranganHari, IF(AND(SelisihQty=0, SelisihHari=0), ""Oke"", IF(SelisihQty=0, KeteranganHari, IF(SelisihHari=0, KeteranganQty, KeteranganHari & "" dengan "" & LOWER(KeteranganQty))))), "&" Hasil ))"),"")
A95: =IF(B95<>"",ROW(B95)-ROW($B$1),"") | C95: {=IFS(B95="","",COUNTIF('Master Barang'!B:B,B95)=0,SUBSTITUTE(TRIM(B95)," ","-"),COUNTIF('Master Barang'!B:B,B95)=1,XLOOKUP(B95,'Master Barang'!B:B,'Master Barang'!C:C,,,1))} | I95: =IFERROR(__xludf.DUMMYFUNCTION("if(OR(B95="""",E95=""""),"""", LET( Nama, B95, SKU, C95, Estimasi, E95, QtyOrder, F95, FilterTrans, FILTER( Transaksi!B:H, Transaksi!F:F=""Barang Datang"", Transaksi!D:D=Nama, Transaksi!E:E=SKU ), TotalDatang, IFERROR(S"&"UM(INDEX(FilterTrans,,7)), 0), TanggalDatang, IFERROR(MAX(INDEX(FilterTrans,,1)), 0), SelisihQty, QtyOrder-TotalDatang, SelisihHari, TanggalDatang-Estimasi, KeteranganQty, IF(SelisihQty=0, ""Oke"", IF(SelisihQty>0, ""Kurang "" & Selisih"&"Qty & "" pcs"", ""Lebih "" & ABS(SelisihQty) & "" pcs"")), KeteranganHari, IF(TanggalDatang=0, ""Belum datang"", IF(SelisihHari=0, """", IF(SelisihHari>0, ""Terlambat "" & SelisihHari & "" hari"", ""Lebih cepat "" & ABS(SelisihHari"&") & "" hari""))), Hasil, IF(TanggalDatang=0, KeteranganHari, IF(AND(SelisihQty=0, SelisihHari=0), ""Oke"", IF(SelisihQty=0, KeteranganHari, IF(SelisihHari=0, KeteranganQty, KeteranganHari & "" dengan "" & LOWER(KeteranganQty))))), "&" Hasil ))"),"")
A96: =IF(B96<>"",ROW(B96)-ROW($B$1),"") | C96: {=IFS(B96="","",COUNTIF('Master Barang'!B:B,B96)=0,SUBSTITUTE(TRIM(B96)," ","-"),COUNTIF('Master Barang'!B:B,B96)=1,XLOOKUP(B96,'Master Barang'!B:B,'Master Barang'!C:C,,,1))} | I96: =IFERROR(__xludf.DUMMYFUNCTION("if(OR(B96="""",E96=""""),"""", LET( Nama, B96, SKU, C96, Estimasi, E96, QtyOrder, F96, FilterTrans, FILTER( Transaksi!B:H, Transaksi!F:F=""Barang Datang"", Transaksi!D:D=Nama, Transaksi!E:E=SKU ), TotalDatang, IFERROR(S"&"UM(INDEX(FilterTrans,,7)), 0), TanggalDatang, IFERROR(MAX(INDEX(FilterTrans,,1)), 0), SelisihQty, QtyOrder-TotalDatang, SelisihHari, TanggalDatang-Estimasi, KeteranganQty, IF(SelisihQty=0, ""Oke"", IF(SelisihQty>0, ""Kurang "" & Selisih"&"Qty & "" pcs"", ""Lebih "" & ABS(SelisihQty) & "" pcs"")), KeteranganHari, IF(TanggalDatang=0, ""Belum datang"", IF(SelisihHari=0, """", IF(SelisihHari>0, ""Terlambat "" & SelisihHari & "" hari"", ""Lebih cepat "" & ABS(SelisihHari"&") & "" hari""))), Hasil, IF(TanggalDatang=0, KeteranganHari, IF(AND(SelisihQty=0, SelisihHari=0), ""Oke"", IF(SelisihQty=0, KeteranganHari, IF(SelisihHari=0, KeteranganQty, KeteranganHari & "" dengan "" & LOWER(KeteranganQty))))), "&" Hasil ))"),"")
A97: =IF(B97<>"",ROW(B97)-ROW($B$1),"") | C97: {=IFS(B97="","",COUNTIF('Master Barang'!B:B,B97)=0,SUBSTITUTE(TRIM(B97)," ","-"),COUNTIF('Master Barang'!B:B,B97)=1,XLOOKUP(B97,'Master Barang'!B:B,'Master Barang'!C:C,,,1))} | I97: =IFERROR(__xludf.DUMMYFUNCTION("if(OR(B97="""",E97=""""),"""", LET( Nama, B97, SKU, C97, Estimasi, E97, QtyOrder, F97, FilterTrans, FILTER( Transaksi!B:H, Transaksi!F:F=""Barang Datang"", Transaksi!D:D=Nama, Transaksi!E:E=SKU ), TotalDatang, IFERROR(S"&"UM(INDEX(FilterTrans,,7)), 0), TanggalDatang, IFERROR(MAX(INDEX(FilterTrans,,1)), 0), SelisihQty, QtyOrder-TotalDatang, SelisihHari, TanggalDatang-Estimasi, KeteranganQty, IF(SelisihQty=0, ""Oke"", IF(SelisihQty>0, ""Kurang "" & Selisih"&"Qty & "" pcs"", ""Lebih "" & ABS(SelisihQty) & "" pcs"")), KeteranganHari, IF(TanggalDatang=0, ""Belum datang"", IF(SelisihHari=0, """", IF(SelisihHari>0, ""Terlambat "" & SelisihHari & "" hari"", ""Lebih cepat "" & ABS(SelisihHari"&") & "" hari""))), Hasil, IF(TanggalDatang=0, KeteranganHari, IF(AND(SelisihQty=0, SelisihHari=0), ""Oke"", IF(SelisihQty=0, KeteranganHari, IF(SelisihHari=0, KeteranganQty, KeteranganHari & "" dengan "" & LOWER(KeteranganQty))))), "&" Hasil ))"),"")
A98: =IF(B98<>"",ROW(B98)-ROW($B$1),"") | C98: {=IFS(B98="","",COUNTIF('Master Barang'!B:B,B98)=0,SUBSTITUTE(TRIM(B98)," ","-"),COUNTIF('Master Barang'!B:B,B98)=1,XLOOKUP(B98,'Master Barang'!B:B,'Master Barang'!C:C,,,1))} | I98: =IFERROR(__xludf.DUMMYFUNCTION("if(OR(B98="""",E98=""""),"""", LET( Nama, B98, SKU, C98, Estimasi, E98, QtyOrder, F98, FilterTrans, FILTER( Transaksi!B:H, Transaksi!F:F=""Barang Datang"", Transaksi!D:D=Nama, Transaksi!E:E=SKU ), TotalDatang, IFERROR(S"&"UM(INDEX(FilterTrans,,7)), 0), TanggalDatang, IFERROR(MAX(INDEX(FilterTrans,,1)), 0), SelisihQty, QtyOrder-TotalDatang, SelisihHari, TanggalDatang-Estimasi, KeteranganQty, IF(SelisihQty=0, ""Oke"", IF(SelisihQty>0, ""Kurang "" & Selisih"&"Qty & "" pcs"", ""Lebih "" & ABS(SelisihQty) & "" pcs"")), KeteranganHari, IF(TanggalDatang=0, ""Belum datang"", IF(SelisihHari=0, """", IF(SelisihHari>0, ""Terlambat "" & SelisihHari & "" hari"", ""Lebih cepat "" & ABS(SelisihHari"&") & "" hari""))), Hasil, IF(TanggalDatang=0, KeteranganHari, IF(AND(SelisihQty=0, SelisihHari=0), ""Oke"", IF(SelisihQty=0, KeteranganHari, IF(SelisihHari=0, KeteranganQty, KeteranganHari & "" dengan "" & LOWER(KeteranganQty))))), "&" Hasil ))"),"")
A99: =IF(B99<>"",ROW(B99)-ROW($B$1),"") | C99: {=IFS(B99="","",COUNTIF('Master Barang'!B:B,B99)=0,SUBSTITUTE(TRIM(B99)," ","-"),COUNTIF('Master Barang'!B:B,B99)=1,XLOOKUP(B99,'Master Barang'!B:B,'Master Barang'!C:C,,,1))} | I99: =IFERROR(__xludf.DUMMYFUNCTION("if(OR(B99="""",E99=""""),"""", LET( Nama, B99, SKU, C99, Estimasi, E99, QtyOrder, F99, FilterTrans, FILTER( Transaksi!B:H, Transaksi!F:F=""Barang Datang"", Transaksi!D:D=Nama, Transaksi!E:E=SKU ), TotalDatang, IFERROR(S"&"UM(INDEX(FilterTrans,,7)), 0), TanggalDatang, IFERROR(MAX(INDEX(FilterTrans,,1)), 0), SelisihQty, QtyOrder-TotalDatang, SelisihHari, TanggalDatang-Estimasi, KeteranganQty, IF(SelisihQty=0, ""Oke"", IF(SelisihQty>0, ""Kurang "" & Selisih"&"Qty & "" pcs"", ""Lebih "" & ABS(SelisihQty) & "" pcs"")), KeteranganHari, IF(TanggalDatang=0, ""Belum datang"", IF(SelisihHari=0, """", IF(SelisihHari>0, ""Terlambat "" & SelisihHari & "" hari"", ""Lebih cepat "" & ABS(SelisihHari"&") & "" hari""))), Hasil, IF(TanggalDatang=0, KeteranganHari, IF(AND(SelisihQty=0, SelisihHari=0), ""Oke"", IF(SelisihQty=0, KeteranganHari, IF(SelisihHari=0, KeteranganQty, KeteranganHari & "" dengan "" & LOWER(KeteranganQty))))), "&" Hasil ))"),"")
A100: =IF(B100<>"",ROW(B100)-ROW($B$1),"") | C100: {=IFS(B100="","",COUNTIF('Master Barang'!B:B,B100)=0,SUBSTITUTE(TRIM(B100)," ","-"),COUNTIF('Master Barang'!B:B,B100)=1,XLOOKUP(B100,'Master Barang'!B:B,'Master Barang'!C:C,,,1))} | I100: =IFERROR(__xludf.DUMMYFUNCTION("if(OR(B100="""",E100=""""),"""", LET( Nama, B100, SKU, C100, Estimasi, E100, QtyOrder, F100, FilterTrans, FILTER( Transaksi!B:H, Transaksi!F:F=""Barang Datang"", Transaksi!D:D=Nama, Transaksi!E:E=SKU ), TotalDatang, IFE"&"RROR(SUM(INDEX(FilterTrans,,7)), 0), TanggalDatang, IFERROR(MAX(INDEX(FilterTrans,,1)), 0), SelisihQty, QtyOrder-TotalDatang, SelisihHari, TanggalDatang-Estimasi, KeteranganQty, IF(SelisihQty=0, ""Oke"", IF(SelisihQty>0, ""Kurang "" & S"&"elisihQty & "" pcs"", ""Lebih "" & ABS(SelisihQty) & "" pcs"")), KeteranganHari, IF(TanggalDatang=0, ""Belum datang"", IF(SelisihHari=0, """", IF(SelisihHari>0, ""Terlambat "" & SelisihHari & "" hari"", ""Lebih cepat "" & ABS(Selis"&"ihHari) & "" hari""))), Hasil, IF(TanggalDatang=0, KeteranganHari, IF(AND(SelisihQty=0, SelisihHari=0), ""Oke"", IF(SelisihQty=0, KeteranganHari, IF(SelisihHari=0, KeteranganQty, KeteranganHari & "" dengan "" & LOWER(KeteranganQty))))"&"), Hasil ))"),"")
...

Sheet Master Barang
A1: No. | B1: Nama Unit | C1: Kode SKU | D1: Stok Awal | E1: Masuk | F1: Rusak | G1: Keluar | H1: Stok Akhir | I1: Nilai Persediaan | J1: MA | K1: Harga Jual
A2: =IF(B2<>"",ROW(B2)-ROW($B$1),"") -> 1 | B2: TEMBOK FLEX SS | C2: 001A/TEMBOKFLEX-SS | D2: 92 | E2: =SUMIFS(Transaksi!J:J, Transaksi!E:E, $C2, Transaksi!F:F, "Barang Datang")+SUMIFS(Transaksi!J:J, Transaksi!E:E,$C2,Transaksi!F:F,"Retur Penjualan") -> 0 | F2: =SUMIFS(Transaksi!K:K, Transaksi!E:E, $C2, Transaksi!F:F, "Barang Datang") + SUMIFS(Transaksi!K:K, Transaksi!E:E, $C2, Transaksi!F:F, "Retur penjualan")+SUMIFS(Transaksi!K:K, Transaksi!E:E, $C2, Transaksi!F:F,"Rusak Internal") -> 0 | G2: =SUMIFS(Transaksi!I:I, Transaksi!E:E, $C2, Transaksi!F:F, "Terjual") + SUMIFS(Transaksi!J:J, Transaksi!E:E, $C2, Transaksi!F:F, "Retur Pembelian")+SUMIFS(Transaksi!I:I, Transaksi!E:E, $C2, Transaksi!F:F, "Dipakai Sendiri") -> 0 | H2: =IF(or(D2<>"",AND(B2<>"",C2<>"")),D2+E2-F2-G2,"") -> 92 | I2: =if(AND(H2<>"",J2<>""), H2*J2,"") | K2: 15000
A3: =IF(B3<>"",ROW(B3)-ROW($B$1),"") -> 2 | B3: TAMAN PVC HIJAU | C3: 001B/TAMAN-PVC-HIJAU | D3: 91 | E3: =SUMIFS(Transaksi!J:J, Transaksi!E:E, $C3, Transaksi!F:F, "Barang Datang")+SUMIFS(Transaksi!J:J, Transaksi!E:E,$C3,Transaksi!F:F,"Retur Penjualan") -> 0 | F3: =SUMIFS(Transaksi!K:K, Transaksi!E:E, $C3, Transaksi!F:F, "Barang Datang") + SUMIFS(Transaksi!K:K, Transaksi!E:E, $C3, Transaksi!F:F, "Retur penjualan")+SUMIFS(Transaksi!K:K, Transaksi!E:E, $C3, Transaksi!F:F,"Rusak Internal") -> 0 | G3: =SUMIFS(Transaksi!I:I, Transaksi!E:E, $C3, Transaksi!F:F, "Terjual") + SUMIFS(Transaksi!J:J, Transaksi!E:E, $C3, Transaksi!F:F, "Retur Pembelian")+SUMIFS(Transaksi!I:I, Transaksi!E:E, $C3, Transaksi!F:F, "Dipakai Sendiri") -> 0 | H3: =IF(or(D3<>"",AND(B3<>"",C3<>"")),D3+E3-F3-G3,"") -> 91 | I3: =if(AND(H3<>"",J3<>""), H3*J3,"") | K3: 10000
A4: =IF(B4<>"",ROW(B4)-ROW($B$1),"") -> 3 | B4: TIES 10 HITAM | C4: 001C/TIES-10-HITAM | D4: 33 | E4: =SUMIFS(Transaksi!J:J, Transaksi!E:E, $C4, Transaksi!F:F, "Barang Datang")+SUMIFS(Transaksi!J:J, Transaksi!E:E,$C4,Transaksi!F:F,"Retur Penjualan") -> 0 | F4: =SUMIFS(Transaksi!K:K, Transaksi!E:E, $C4, Transaksi!F:F, "Barang Datang") + SUMIFS(Transaksi!K:K, Transaksi!E:E, $C4, Transaksi!F:F, "Retur penjualan")+SUMIFS(Transaksi!K:K, Transaksi!E:E, $C4, Transaksi!F:F,"Rusak Internal") -> 0 | G4: =SUMIFS(Transaksi!I:I, Transaksi!E:E, $C4, Transaksi!F:F, "Terjual") + SUMIFS(Transaksi!J:J, Transaksi!E:E, $C4, Transaksi!F:F, "Retur Pembelian")+SUMIFS(Transaksi!I:I, Transaksi!E:E, $C4, Transaksi!F:F, "Dipakai Sendiri") -> 0 | H4: =IF(or(D4<>"",AND(B4<>"",C4<>"")),D4+E4-F4-G4,"") -> 33 | I4: =if(AND(H4<>"",J4<>""), H4*J4,"") | K4: 30000
A5: =IF(B5<>"",ROW(B5)-ROW($B$1),"") -> 4 | B5: OBENG 10-16 | C5: 001D/OBENG-10-16 | D5: 64 | E5: =SUMIFS(Transaksi!J:J, Transaksi!E:E, $C5, Transaksi!F:F, "Barang Datang")+SUMIFS(Transaksi!J:J, Transaksi!E:E,$C5,Transaksi!F:F,"Retur Penjualan") -> 0 | F5: =SUMIFS(Transaksi!K:K, Transaksi!E:E, $C5, Transaksi!F:F, "Barang Datang") + SUMIFS(Transaksi!K:K, Transaksi!E:E, $C5, Transaksi!F:F, "Retur penjualan")+SUMIFS(Transaksi!K:K, Transaksi!E:E, $C5, Transaksi!F:F,"Rusak Internal") -> 0 | G5: =SUMIFS(Transaksi!I:I, Transaksi!E:E, $C5, Transaksi!F:F, "Terjual") + SUMIFS(Transaksi!J:J, Transaksi!E:E, $C5, Transaksi!F:F, "Retur Pembelian")+SUMIFS(Transaksi!I:I, Transaksi!E:E, $C5, Transaksi!F:F, "Dipakai Sendiri") -> 0 | H5: =IF(or(D5<>"",AND(B5<>"",C5<>"")),D5+E5-F5-G5,"") -> 64 | I5: =if(AND(H5<>"",J5<>""), H5*J5,"") | K5: 20000
A6: =IF(B6<>"",ROW(B6)-ROW($B$1),"") -> 5 | B6: FLEX BALING | C6: 002A/TEMBOKFLEX-BALING-CM | D6: 18 | E6: =SUMIFS(Transaksi!J:J, Transaksi!E:E, $C6, Transaksi!F:F, "Barang Datang")+SUMIFS(Transaksi!J:J, Transaksi!E:E,$C6,Transaksi!F:F,"Retur Penjualan") -> 0 | F6: =SUMIFS(Transaksi!K:K, Transaksi!E:E, $C6, Transaksi!F:F, "Barang Datang") + SUMIFS(Transaksi!K:K, Transaksi!E:E, $C6, Transaksi!F:F, "Retur penjualan")+SUMIFS(Transaksi!K:K, Transaksi!E:E, $C6, Transaksi!F:F,"Rusak Internal") -> 0 | G6: =SUMIFS(Transaksi!I:I, Transaksi!E:E, $C6, Transaksi!F:F, "Terjual") + SUMIFS(Transaksi!J:J, Transaksi!E:E, $C6, Transaksi!F:F, "Retur Pembelian")+SUMIFS(Transaksi!I:I, Transaksi!E:E, $C6, Transaksi!F:F, "Dipakai Sendiri") -> 0 | H6: =IF(or(D6<>"",AND(B6<>"",C6<>"")),D6+E6-F6-G6,"") -> 18 | I6: =if(AND(H6<>"",J6<>""), H6*J6,"") | K6: 40000
A7: =IF(B7<>"",ROW(B7)-ROW($B$1),"") -> 6 | B7: TAMAN PVC BIRU | C7: 002B/TAMAN-PVC-BIRU | D7: 87 | E7: =SUMIFS(Transaksi!J:J, Transaksi!E:E, $C7, Transaksi!F:F, "Barang Datang")+SUMIFS(Transaksi!J:J, Transaksi!E:E,$C7,Transaksi!F:F,"Retur Penjualan") -> 0 | F7: =SUMIFS(Transaksi!K:K, Transaksi!E:E, $C7, Transaksi!F:F, "Barang Datang") + SUMIFS(Transaksi!K:K, Transaksi!E:E, $C7, Transaksi!F:F, "Retur penjualan")+SUMIFS(Transaksi!K:K, Transaksi!E:E, $C7, Transaksi!F:F,"Rusak Internal") -> 0 | G7: =SUMIFS(Transaksi!I:I, Transaksi!E:E, $C7, Transaksi!F:F, "Terjual") + SUMIFS(Transaksi!J:J, Transaksi!E:E, $C7, Transaksi!F:F, "Retur Pembelian")+SUMIFS(Transaksi!I:I, Transaksi!E:E, $C7, Transaksi!F:F, "Dipakai Sendiri") -> 0 | H7: =IF(or(D7<>"",AND(B7<>"",C7<>"")),D7+E7-F7-G7,"") -> 87 | I7: =if(AND(H7<>"",J7<>""), H7*J7,"") | K7: 40000
A8: =IF(B8<>"",ROW(B8)-ROW($B$1),"") -> 7 | B8: TIES 10 PUTIH | C8: 002C/TIES-10-PUTIH | D8: 90 | E8: =SUMIFS(Transaksi!J:J, Transaksi!E:E, $C8, Transaksi!F:F, "Barang Datang")+SUMIFS(Transaksi!J:J, Transaksi!E:E,$C8,Transaksi!F:F,"Retur Penjualan") -> 0 | F8: =SUMIFS(Transaksi!K:K, Transaksi!E:E, $C8, Transaksi!F:F, "Barang Datang") + SUMIFS(Transaksi!K:K, Transaksi!E:E, $C8, Transaksi!F:F, "Retur penjualan")+SUMIFS(Transaksi!K:K, Transaksi!E:E, $C8, Transaksi!F:F,"Rusak Internal") -> 0 | G8: =SUMIFS(Transaksi!I:I, Transaksi!E:E, $C8, Transaksi!F:F, "Terjual") + SUMIFS(Transaksi!J:J, Transaksi!E:E, $C8, Transaksi!F:F, "Retur Pembelian")+SUMIFS(Transaksi!I:I, Transaksi!E:E, $C8, Transaksi!F:F, "Dipakai Sendiri") -> 0 | H8: =IF(or(D8<>"",AND(B8<>"",C8<>"")),D8+E8-F8-G8,"") -> 90 | I8: =if(AND(H8<>"",J8<>""), H8*J8,"") | K8: 15000
A9: =IF(B9<>"",ROW(B9)-ROW($B$1),"") -> 8 | B9: OBENG 13-19 | C9: 002D/OBENG-13-19 | D9: 74 | E9: =SUMIFS(Transaksi!J:J, Transaksi!E:E, $C9, Transaksi!F:F, "Barang Datang")+SUMIFS(Transaksi!J:J, Transaksi!E:E,$C9,Transaksi!F:F,"Retur Penjualan") -> 0 | F9: =SUMIFS(Transaksi!K:K, Transaksi!E:E, $C9, Transaksi!F:F, "Barang Datang") + SUMIFS(Transaksi!K:K, Transaksi!E:E, $C9, Transaksi!F:F, "Retur penjualan")+SUMIFS(Transaksi!K:K, Transaksi!E:E, $C9, Transaksi!F:F,"Rusak Internal") -> 0 | G9: =SUMIFS(Transaksi!I:I, Transaksi!E:E, $C9, Transaksi!F:F, "Terjual") + SUMIFS(Transaksi!J:J, Transaksi!E:E, $C9, Transaksi!F:F, "Retur Pembelian")+SUMIFS(Transaksi!I:I, Transaksi!E:E, $C9, Transaksi!F:F, "Dipakai Sendiri") -> 0 | H9: =IF(or(D9<>"",AND(B9<>"",C9<>"")),D9+E9-F9-G9,"") -> 74 | I9: =if(AND(H9<>"",J9<>""), H9*J9,"") | K9: 20000
A10: =IF(B10<>"",ROW(B10)-ROW($B$1),"") -> 9 | B10: TEMBOK FLEX PUTIH | C10: 003A/TEMBOKFLEX-PUTIH | D10: 40 | E10: =SUMIFS(Transaksi!J:J, Transaksi!E:E, $C10, Transaksi!F:F, "Barang Datang")+SUMIFS(Transaksi!J:J, Transaksi!E:E,$C10,Transaksi!F:F,"Retur Penjualan") -> 0 | F10: =SUMIFS(Transaksi!K:K, Transaksi!E:E, $C10, Transaksi!F:F, "Barang Datang") + SUMIFS(Transaksi!K:K, Transaksi!E:E, $C10, Transaksi!F:F, "Retur penjualan")+SUMIFS(Transaksi!K:K, Transaksi!E:E, $C10, Transaksi!F:F,"Rusak Internal") -> 0 | G10: =SUMIFS(Transaksi!I:I, Transaksi!E:E, $C10, Transaksi!F:F, "Terjual") + SUMIFS(Transaksi!J:J, Transaksi!E:E, $C10, Transaksi!F:F, "Retur Pembelian")+SUMIFS(Transaksi!I:I, Transaksi!E:E, $C10, Transaksi!F:F, "Dipakai Sendiri") -> 0 | H10: =IF(or(D10<>"",AND(B10<>"",C10<>"")),D10+E10-F10-G10,"") -> 40 | I10: =if(AND(H10<>"",J10<>""), H10*J10,"") | K10: 10000
A11: =IF(B11<>"",ROW(B11)-ROW($B$1),"") -> 10 | B11: TAMAN PVC PUTIH | C11: 003B/TAMAN-PVC-PUTIH | D11: 39 | E11: =SUMIFS(Transaksi!J:J, Transaksi!E:E, $C11, Transaksi!F:F, "Barang Datang")+SUMIFS(Transaksi!J:J, Transaksi!E:E,$C11,Transaksi!F:F,"Retur Penjualan") -> 0 | F11: =SUMIFS(Transaksi!K:K, Transaksi!E:E, $C11, Transaksi!F:F, "Barang Datang") + SUMIFS(Transaksi!K:K, Transaksi!E:E, $C11, Transaksi!F:F, "Retur penjualan")+SUMIFS(Transaksi!K:K, Transaksi!E:E, $C11, Transaksi!F:F,"Rusak Internal") -> 0 | G11: =SUMIFS(Transaksi!I:I, Transaksi!E:E, $C11, Transaksi!F:F, "Terjual") + SUMIFS(Transaksi!J:J, Transaksi!E:E, $C11, Transaksi!F:F, "Retur Pembelian")+SUMIFS(Transaksi!I:I, Transaksi!E:E, $C11, Transaksi!F:F, "Dipakai Sendiri") -> 0 | H11: =IF(or(D11<>"",AND(B11<>"",C11<>"")),D11+E11-F11-G11,"") -> 39 | I11: =if(AND(H11<>"",J11<>""), H11*J11,"") | K11: 15000
A12: =IF(B12<>"",ROW(B12)-ROW($B$1),"") -> 11 | B12: TIES 15 HITAM | C12: 003C/TIES-15-HITAM | D12: 29 | E12: =SUMIFS(Transaksi!J:J, Transaksi!E:E, $C12, Transaksi!F:F, "Barang Datang")+SUMIFS(Transaksi!J:J, Transaksi!E:E,$C12,Transaksi!F:F,"Retur Penjualan") -> 0 | F12: =SUMIFS(Transaksi!K:K, Transaksi!E:E, $C12, Transaksi!F:F, "Barang Datang") + SUMIFS(Transaksi!K:K, Transaksi!E:E, $C12, Transaksi!F:F, "Retur penjualan")+SUMIFS(Transaksi!K:K, Transaksi!E:E, $C12, Transaksi!F:F,"Rusak Internal") -> 0 | G12: =SUMIFS(Transaksi!I:I, Transaksi!E:E, $C12, Transaksi!F:F, "Terjual") + SUMIFS(Transaksi!J:J, Transaksi!E:E, $C12, Transaksi!F:F, "Retur Pembelian")+SUMIFS(Transaksi!I:I, Transaksi!E:E, $C12, Transaksi!F:F, "Dipakai Sendiri") -> 0 | H12: =IF(or(D12<>"",AND(B12<>"",C12<>"")),D12+E12-F12-G12,"") -> 29 | I12: =if(AND(H12<>"",J12<>""), H12*J12,"") | K12: 20000
A13: =IF(B13<>"",ROW(B13)-ROW($B$1),"") -> 12 | B13: OBENG 16-25 | C13: 003D/OBENG-16-25 | D13: 11 | E13: =SUMIFS(Transaksi!J:J, Transaksi!E:E, $C13, Transaksi!F:F, "Barang Datang")+SUMIFS(Transaksi!J:J, Transaksi!E:E,$C13,Transaksi!F:F,"Retur Penjualan") -> 0 | F13: =SUMIFS(Transaksi!K:K, Transaksi!E:E, $C13, Transaksi!F:F, "Barang Datang") + SUMIFS(Transaksi!K:K, Transaksi!E:E, $C13, Transaksi!F:F, "Retur penjualan")+SUMIFS(Transaksi!K:K, Transaksi!E:E, $C13, Transaksi!F:F,"Rusak Internal") -> 0 | G13: =SUMIFS(Transaksi!I:I, Transaksi!E:E, $C13, Transaksi!F:F, "Terjual") + SUMIFS(Transaksi!J:J, Transaksi!E:E, $C13, Transaksi!F:F, "Retur Pembelian")+SUMIFS(Transaksi!I:I, Transaksi!E:E, $C13, Transaksi!F:F, "Dipakai Sendiri") -> 0 | H13: =IF(or(D13<>"",AND(B13<>"",C13<>"")),D13+E13-F13-G13,"") -> 11 | I13: =if(AND(H13<>"",J13<>""), H13*J13,"") | K13: 10000
... A253: =IF(B253<>"",ROW(B253)-ROW($B$1),"") -> 252 | B253: STOP TUNGGAL MERAH | C253: STOPTUNGGAL-MERAH | D253: 62 | E253: =SUMIFS(Transaksi!J:J, Transaksi!E:E, $C253, Transaksi!F:F, "Barang Datang")+SUMIFS(Transaksi!J:J, Transaksi!E:E,$C253,Transaksi!F:F,"Retur Penjualan") -> 0 | F253: =SUMIFS(Transaksi!K:K, Transaksi!E:E, $C253, Transaksi!F:F, "Barang Datang") + SUMIFS(Transaksi!K:K, Transaksi!E:E, $C253, Transaksi!F:F, "Retur penjualan")+SUMIFS(Transaksi!K:K, Transaksi!E:E, $C253, Transaksi!F:F,"Rusak Internal") -> 0 | G253: =SUMIFS(Transaksi!I:I, Transaksi!E:E, $C253, Transaksi!F:F, "Terjual") + SUMIFS(Transaksi!J:J, Transaksi!E:E, $C253, Transaksi!F:F, "Retur Pembelian")+SUMIFS(Transaksi!I:I, Transaksi!E:E, $C253, Transaksi!F:F, "Dipakai Sendiri") -> 0 | H253: =IF(or(D253<>"",AND(B253<>"",C253<>"")),D253+E253-F253-G253,"") -> 62 | I253: =if(AND(H253<>"",J253<>""), H253*J253,"") | K253: 40000
A254: =IF(B254<>"",ROW(B254)-ROW($B$1),"") | B254: =IFERROR(__xludf.DUMMYFUNCTION("FILTER(Jadwal!B2:B499,COUNTIF(B2:B253,Jadwal!B2:B499)=0)"),"") | C254: =IF(B254<>"",SUBSTITUTE(TRIM(B254)," ","-"),"") | E254: =SUMIFS(Transaksi!J:J, Transaksi!E:E, $C254, Transaksi!F:F, "Barang Datang")+SUMIFS(Transaksi!J:J, Transaksi!E:E,$C254,Transaksi!F:F,"Retur Penjualan") -> 0 | F254: =SUMIFS(Transaksi!K:K, Transaksi!E:E, $C254, Transaksi!F:F, "Barang Datang") + SUMIFS(Transaksi!K:K, Transaksi!E:E, $C254, Transaksi!F:F, "Retur penjualan")+SUMIFS(Transaksi!K:K, Transaksi!E:E, $C254, Transaksi!F:F,"Rusak Internal") -> 0 | G254: =SUMIFS(Transaksi!I:I, Transaksi!E:E, $C254, Transaksi!F:F, "Terjual") + SUMIFS(Transaksi!J:J, Transaksi!E:E, $C254, Transaksi!F:F, "Retur Pembelian")+SUMIFS(Transaksi!I:I, Transaksi!E:E, $C254, Transaksi!F:F, "Dipakai Sendiri") -> 0 | H254: =IF(or(D254<>"",AND(B254<>"",C254<>"")),D254+E254-F254-G254,"") | I254: =if(AND(H254<>"",J254<>""), H254*J254,"") | K254: =IF(C254<>"", RANDBETWEEN(1,10)*5000,"")
A255: =IF(B255<>"",ROW(B255)-ROW($B$1),"") | C255: =IF(B255<>"",SUBSTITUTE(TRIM(B255)," ","-"),"") | E255: =SUMIFS(Transaksi!J:J, Transaksi!E:E, $C255, Transaksi!F:F, "Barang Datang")+SUMIFS(Transaksi!J:J, Transaksi!E:E,$C255,Transaksi!F:F,"Retur Penjualan") -> 0 | F255: =SUMIFS(Transaksi!K:K, Transaksi!E:E, $C255, Transaksi!F:F, "Barang Datang") + SUMIFS(Transaksi!K:K, Transaksi!E:E, $C255, Transaksi!F:F, "Retur penjualan")+SUMIFS(Transaksi!K:K, Transaksi!E:E, $C255, Transaksi!F:F,"Rusak Internal") -> 0 | G255: =SUMIFS(Transaksi!I:I, Transaksi!E:E, $C255, Transaksi!F:F, "Terjual") + SUMIFS(Transaksi!J:J, Transaksi!E:E, $C255, Transaksi!F:F, "Retur Pembelian")+SUMIFS(Transaksi!I:I, Transaksi!E:E, $C255, Transaksi!F:F, "Dipakai Sendiri") -> 0 | H255: =IF(or(D255<>"",AND(B255<>"",C255<>"")),D255+E255-F255-G255,"") | I255: =if(AND(H255<>"",J255<>""), H255*J255,"") | K255: =IF(C255<>"", RANDBETWEEN(1,10)*5000,"")
A256: =IF(B256<>"",ROW(B256)-ROW($B$1),"") | C256: =IF(B256<>"",SUBSTITUTE(TRIM(B256)," ","-"),"") | E256: =SUMIFS(Transaksi!J:J, Transaksi!E:E, $C256, Transaksi!F:F, "Barang Datang")+SUMIFS(Transaksi!J:J, Transaksi!E:E,$C256,Transaksi!F:F,"Retur Penjualan") -> 0 | F256: =SUMIFS(Transaksi!K:K, Transaksi!E:E, $C256, Transaksi!F:F, "Barang Datang") + SUMIFS(Transaksi!K:K, Transaksi!E:E, $C256, Transaksi!F:F, "Retur penjualan")+SUMIFS(Transaksi!K:K, Transaksi!E:E, $C256, Transaksi!F:F,"Rusak Internal") -> 0 | G256: =SUMIFS(Transaksi!I:I, Transaksi!E:E, $C256, Transaksi!F:F, "Terjual") + SUMIFS(Transaksi!J:J, Transaksi!E:E, $C256, Transaksi!F:F, "Retur Pembelian")+SUMIFS(Transaksi!I:I, Transaksi!E:E, $C256, Transaksi!F:F, "Dipakai Sendiri") -> 0 | H256: =IF(or(D256<>"",AND(B256<>"",C256<>"")),D256+E256-F256-G256,"") | I256: =if(AND(H256<>"",J256<>""), H256*J256,"") | K256: =IF(C256<>"", RANDBETWEEN(1,10)*5000,"")
A257: =IF(B257<>"",ROW(B257)-ROW($B$1),"") | C257: =IF(B257<>"",SUBSTITUTE(TRIM(B257)," ","-"),"") | E257: =SUMIFS(Transaksi!J:J, Transaksi!E:E, $C257, Transaksi!F:F, "Barang Datang")+SUMIFS(Transaksi!J:J, Transaksi!E:E,$C257,Transaksi!F:F,"Retur Penjualan") -> 0 | F257: =SUMIFS(Transaksi!K:K, Transaksi!E:E, $C257, Transaksi!F:F, "Barang Datang") + SUMIFS(Transaksi!K:K, Transaksi!E:E, $C257, Transaksi!F:F, "Retur penjualan")+SUMIFS(Transaksi!K:K, Transaksi!E:E, $C257, Transaksi!F:F,"Rusak Internal") -> 0 | G257: =SUMIFS(Transaksi!I:I, Transaksi!E:E, $C257, Transaksi!F:F, "Terjual") + SUMIFS(Transaksi!J:J, Transaksi!E:E, $C257, Transaksi!F:F, "Retur Pembelian")+SUMIFS(Transaksi!I:I, Transaksi!E:E, $C257, Transaksi!F:F, "Dipakai Sendiri") -> 0 | H257: =IF(or(D257<>"",AND(B257<>"",C257<>"")),D257+E257-F257-G257,"") | I257: =if(AND(H257<>"",J257<>""), H257*J257,"") | K257: =IF(C257<>"", RANDBETWEEN(1,10)*5000,"")
A258: =IF(B258<>"",ROW(B258)-ROW($B$1),"") | C258: =IF(B258<>"",SUBSTITUTE(TRIM(B258)," ","-"),"") | E258: =SUMIFS(Transaksi!J:J, Transaksi!E:E, $C258, Transaksi!F:F, "Barang Datang")+SUMIFS(Transaksi!J:J, Transaksi!E:E,$C258,Transaksi!F:F,"Retur Penjualan") -> 0 | F258: =SUMIFS(Transaksi!K:K, Transaksi!E:E, $C258, Transaksi!F:F, "Barang Datang") + SUMIFS(Transaksi!K:K, Transaksi!E:E, $C258, Transaksi!F:F, "Retur penjualan")+SUMIFS(Transaksi!K:K, Transaksi!E:E, $C258, Transaksi!F:F,"Rusak Internal") -> 0 | G258: =SUMIFS(Transaksi!I:I, Transaksi!E:E, $C258, Transaksi!F:F, "Terjual") + SUMIFS(Transaksi!J:J, Transaksi!E:E, $C258, Transaksi!F:F, "Retur Pembelian")+SUMIFS(Transaksi!I:I, Transaksi!E:E, $C258, Transaksi!F:F, "Dipakai Sendiri") -> 0 | H258: =IF(or(D258<>"",AND(B258<>"",C258<>"")),D258+E258-F258-G258,"") | I258: =if(AND(H258<>"",J258<>""), H258*J258,"") | K258: =IF(C258<>"", RANDBETWEEN(1,10)*5000,"")
A259: =IF(B259<>"",ROW(B259)-ROW($B$1),"") | C259: =IF(B259<>"",SUBSTITUTE(TRIM(B259)," ","-"),"") | E259: =SUMIFS(Transaksi!J:J, Transaksi!E:E, $C259, Transaksi!F:F, "Barang Datang")+SUMIFS(Transaksi!J:J, Transaksi!E:E,$C259,Transaksi!F:F,"Retur Penjualan") -> 0 | F259: =SUMIFS(Transaksi!K:K, Transaksi!E:E, $C259, Transaksi!F:F, "Barang Datang") + SUMIFS(Transaksi!K:K, Transaksi!E:E, $C259, Transaksi!F:F, "Retur penjualan")+SUMIFS(Transaksi!K:K, Transaksi!E:E, $C259, Transaksi!F:F,"Rusak Internal") -> 0 | G259: =SUMIFS(Transaksi!I:I, Transaksi!E:E, $C259, Transaksi!F:F, "Terjual") + SUMIFS(Transaksi!J:J, Transaksi!E:E, $C259, Transaksi!F:F, "Retur Pembelian")+SUMIFS(Transaksi!I:I, Transaksi!E:E, $C259, Transaksi!F:F, "Dipakai Sendiri") -> 0 | H259: =IF(or(D259<>"",AND(B259<>"",C259<>"")),D259+E259-F259-G259,"") | I259: =if(AND(H259<>"",J259<>""), H259*J259,"") | K259: =IF(C259<>"", RANDBETWEEN(1,10)*5000,"")
A260: =IF(B260<>"",ROW(B260)-ROW($B$1),"") | C260: =IF(B260<>"",SUBSTITUTE(TRIM(B260)," ","-"),"") | E260: =SUMIFS(Transaksi!J:J, Transaksi!E:E, $C260, Transaksi!F:F, "Barang Datang")+SUMIFS(Transaksi!J:J, Transaksi!E:E,$C260,Transaksi!F:F,"Retur Penjualan") -> 0 | F260: =SUMIFS(Transaksi!K:K, Transaksi!E:E, $C260, Transaksi!F:F, "Barang Datang") + SUMIFS(Transaksi!K:K, Transaksi!E:E, $C260, Transaksi!F:F, "Retur penjualan")+SUMIFS(Transaksi!K:K, Transaksi!E:E, $C260, Transaksi!F:F,"Rusak Internal") -> 0 | G260: =SUMIFS(Transaksi!I:I, Transaksi!E:E, $C260, Transaksi!F:F, "Terjual") + SUMIFS(Transaksi!J:J, Transaksi!E:E, $C260, Transaksi!F:F, "Retur Pembelian")+SUMIFS(Transaksi!I:I, Transaksi!E:E, $C260, Transaksi!F:F, "Dipakai Sendiri") -> 0 | H260: =IF(or(D260<>"",AND(B260<>"",C260<>"")),D260+E260-F260-G260,"") | I260: =if(AND(H260<>"",J260<>""), H260*J260,"") | K260: =IF(C260<>"", RANDBETWEEN(1,10)*5000,"")
A261: =IF(B261<>"",ROW(B261)-ROW($B$1),"") | C261: =IF(B261<>"",SUBSTITUTE(TRIM(B261)," ","-"),"") | E261: =SUMIFS(Transaksi!J:J, Transaksi!E:E, $C261, Transaksi!F:F, "Barang Datang")+SUMIFS(Transaksi!J:J, Transaksi!E:E,$C261,Transaksi!F:F,"Retur Penjualan") -> 0 | F261: =SUMIFS(Transaksi!K:K, Transaksi!E:E, $C261, Transaksi!F:F, "Barang Datang") + SUMIFS(Transaksi!K:K, Transaksi!E:E, $C261, Transaksi!F:F, "Retur penjualan")+SUMIFS(Transaksi!K:K, Transaksi!E:E, $C261, Transaksi!F:F,"Rusak Internal") -> 0 | G261: =SUMIFS(Transaksi!I:I, Transaksi!E:E, $C261, Transaksi!F:F, "Terjual") + SUMIFS(Transaksi!J:J, Transaksi!E:E, $C261, Transaksi!F:F, "Retur Pembelian")+SUMIFS(Transaksi!I:I, Transaksi!E:E, $C261, Transaksi!F:F, "Dipakai Sendiri") -> 0 | H261: =IF(or(D261<>"",AND(B261<>"",C261<>"")),D261+E261-F261-G261,"") | I261: =if(AND(H261<>"",J261<>""), H261*J261,"") | K261: =IF(C261<>"", RANDBETWEEN(1,10)*5000,"")
A262: =IF(B262<>"",ROW(B262)-ROW($B$1),"") | C262: =IF(B262<>"",SUBSTITUTE(TRIM(B262)," ","-"),"") | E262: =SUMIFS(Transaksi!J:J, Transaksi!E:E, $C262, Transaksi!F:F, "Barang Datang")+SUMIFS(Transaksi!J:J, Transaksi!E:E,$C262,Transaksi!F:F,"Retur Penjualan") -> 0 | F262: =SUMIFS(Transaksi!K:K, Transaksi!E:E, $C262, Transaksi!F:F, "Barang Datang") + SUMIFS(Transaksi!K:K, Transaksi!E:E, $C262, Transaksi!F:F, "Retur penjualan")+SUMIFS(Transaksi!K:K, Transaksi!E:E, $C262, Transaksi!F:F,"Rusak Internal") -> 0 | G262: =SUMIFS(Transaksi!I:I, Transaksi!E:E, $C262, Transaksi!F:F, "Terjual") + SUMIFS(Transaksi!J:J, Transaksi!E:E, $C262, Transaksi!F:F, "Retur Pembelian")+SUMIFS(Transaksi!I:I, Transaksi!E:E, $C262, Transaksi!F:F, "Dipakai Sendiri") -> 0 | H262: =IF(or(D262<>"",AND(B262<>"",C262<>"")),D262+E262-F262-G262,"") | I262: =if(AND(H262<>"",J262<>""), H262*J262,"") | K262: =IF(C262<>"", RANDBETWEEN(1,10)*5000,"")
A263: =IF(B263<>"",ROW(B263)-ROW($B$1),"") | C263: =IF(B263<>"",SUBSTITUTE(TRIM(B263)," ","-"),"") | E263: =SUMIFS(Transaksi!J:J, Transaksi!E:E, $C263, Transaksi!F:F, "Barang Datang")+SUMIFS(Transaksi!J:J, Transaksi!E:E,$C263,Transaksi!F:F,"Retur Penjualan") -> 0 | F263: =SUMIFS(Transaksi!K:K, Transaksi!E:E, $C263, Transaksi!F:F, "Barang Datang") + SUMIFS(Transaksi!K:K, Transaksi!E:E, $C263, Transaksi!F:F, "Retur penjualan")+SUMIFS(Transaksi!K:K, Transaksi!E:E, $C263, Transaksi!F:F,"Rusak Internal") -> 0 | G263: =SUMIFS(Transaksi!I:I, Transaksi!E:E, $C263, Transaksi!F:F, "Terjual") + SUMIFS(Transaksi!J:J, Transaksi!E:E, $C263, Transaksi!F:F, "Retur Pembelian")+SUMIFS(Transaksi!I:I, Transaksi!E:E, $C263, Transaksi!F:F, "Dipakai Sendiri") -> 0 | H263: =IF(or(D263<>"",AND(B263<>"",C263<>"")),D263+E263-F263-G263,"") | I263: =if(AND(H263<>"",J263<>""), H263*J263,"") | K263: =IF(C263<>"", RANDBETWEEN(1,10)*5000,"")
A264: =IF(B264<>"",ROW(B264)-ROW($B$1),"") | C264: =IF(B264<>"",SUBSTITUTE(TRIM(B264)," ","-"),"") | E264: =SUMIFS(Transaksi!J:J, Transaksi!E:E, $C264, Transaksi!F:F, "Barang Datang")+SUMIFS(Transaksi!J:J, Transaksi!E:E,$C264,Transaksi!F:F,"Retur Penjualan") -> 0 | F264: =SUMIFS(Transaksi!K:K, Transaksi!E:E, $C264, Transaksi!F:F, "Barang Datang") + SUMIFS(Transaksi!K:K, Transaksi!E:E, $C264, Transaksi!F:F, "Retur penjualan")+SUMIFS(Transaksi!K:K, Transaksi!E:E, $C264, Transaksi!F:F,"Rusak Internal") -> 0 | G264: =SUMIFS(Transaksi!I:I, Transaksi!E:E, $C264, Transaksi!F:F, "Terjual") + SUMIFS(Transaksi!J:J, Transaksi!E:E, $C264, Transaksi!F:F, "Retur Pembelian")+SUMIFS(Transaksi!I:I, Transaksi!E:E, $C264, Transaksi!F:F, "Dipakai Sendiri") -> 0 | H264: =IF(or(D264<>"",AND(B264<>"",C264<>"")),D264+E264-F264-G264,"") | I264: =if(AND(H264<>"",J264<>""), H264*J264,"") | K264: =IF(C264<>"", RANDBETWEEN(1,10)*5000,"")
A265: =IF(B265<>"",ROW(B265)-ROW($B$1),"") | C265: =IF(B265<>"",SUBSTITUTE(TRIM(B265)," ","-"),"") | E265: =SUMIFS(Transaksi!J:J, Transaksi!E:E, $C265, Transaksi!F:F, "Barang Datang")+SUMIFS(Transaksi!J:J, Transaksi!E:E,$C265,Transaksi!F:F,"Retur Penjualan") -> 0 | F265: =SUMIFS(Transaksi!K:K, Transaksi!E:E, $C265, Transaksi!F:F, "Barang Datang") + SUMIFS(Transaksi!K:K, Transaksi!E:E, $C265, Transaksi!F:F, "Retur penjualan")+SUMIFS(Transaksi!K:K, Transaksi!E:E, $C265, Transaksi!F:F,"Rusak Internal") -> 0 | G265: =SUMIFS(Transaksi!I:I, Transaksi!E:E, $C265, Transaksi!F:F, "Terjual") + SUMIFS(Transaksi!J:J, Transaksi!E:E, $C265, Transaksi!F:F, "Retur Pembelian")+SUMIFS(Transaksi!I:I, Transaksi!E:E, $C265, Transaksi!F:F, "Dipakai Sendiri") -> 0 | H265: =IF(or(D265<>"",AND(B265<>"",C265<>"")),D265+E265-F265-G265,"") | I265: =if(AND(H265<>"",J265<>""), H265*J265,"") | K265: =IF(C265<>"", RANDBETWEEN(1,10)*5000,"")
A266: =IF(B266<>"",ROW(B266)-ROW($B$1),"") | C266: =IF(B266<>"",SUBSTITUTE(TRIM(B266)," ","-"),"") | E266: =SUMIFS(Transaksi!J:J, Transaksi!E:E, $C266, Transaksi!F:F, "Barang Datang")+SUMIFS(Transaksi!J:J, Transaksi!E:E,$C266,Transaksi!F:F,"Retur Penjualan") -> 0 | F266: =SUMIFS(Transaksi!K:K, Transaksi!E:E, $C266, Transaksi!F:F, "Barang Datang") + SUMIFS(Transaksi!K:K, Transaksi!E:E, $C266, Transaksi!F:F, "Retur penjualan")+SUMIFS(Transaksi!K:K, Transaksi!E:E, $C266, Transaksi!F:F,"Rusak Internal") -> 0 | G266: =SUMIFS(Transaksi!I:I, Transaksi!E:E, $C266, Transaksi!F:F, "Terjual") + SUMIFS(Transaksi!J:J, Transaksi!E:E, $C266, Transaksi!F:F, "Retur Pembelian")+SUMIFS(Transaksi!I:I, Transaksi!E:E, $C266, Transaksi!F:F, "Dipakai Sendiri") -> 0 | H266: =IF(or(D266<>"",AND(B266<>"",C266<>"")),D266+E266-F266-G266,"") | I266: =if(AND(H266<>"",J266<>""), H266*J266,"") | K266: =IF(C266<>"", RANDBETWEEN(1,10)*5000,"")
... A295: =IF(B295<>"",ROW(B295)-ROW($B$1),"") | C295: =IF(B295<>"",SUBSTITUTE(TRIM(B295)," ","-"),"") | E295: =SUMIFS(Transaksi!J:J, Transaksi!E:E, $C295, Transaksi!F:F, "Barang Datang")+SUMIFS(Transaksi!J:J, Transaksi!E:E,$C295,Transaksi!F:F,"Retur Penjualan") -> 0 | F295: =SUMIFS(Transaksi!K:K, Transaksi!E:E, $C295, Transaksi!F:F, "Barang Datang") + SUMIFS(Transaksi!K:K, Transaksi!E:E, $C295, Transaksi!F:F, "Retur penjualan")+SUMIFS(Transaksi!K:K, Transaksi!E:E, $C295, Transaksi!F:F,"Rusak Internal") -> 0 | G295: =SUMIFS(Transaksi!I:I, Transaksi!E:E, $C295, Transaksi!F:F, "Terjual") + SUMIFS(Transaksi!J:J, Transaksi!E:E, $C295, Transaksi!F:F, "Retur Pembelian")+SUMIFS(Transaksi!I:I, Transaksi!E:E, $C295, Transaksi!F:F, "Dipakai Sendiri") -> 0 | H295: =IF(or(D295<>"",AND(B295<>"",C295<>"")),D295+E295-F295-G295,"") | I295: =if(AND(H295<>"",J295<>""), H295*J295,"") | K295: =IF(C295<>"", RANDBETWEEN(1,10)*5000,"")
A296: =IF(B296<>"",ROW(B296)-ROW($B$1),"") | C296: =IF(B296<>"",SUBSTITUTE(TRIM(B296)," ","-"),"") | E296: =SUMIFS(Transaksi!J:J, Transaksi!E:E, $C296, Transaksi!F:F, "Barang Datang")+SUMIFS(Transaksi!J:J, Transaksi!E:E,$C296,Transaksi!F:F,"Retur Penjualan") -> 0 | F296: =SUMIFS(Transaksi!K:K, Transaksi!E:E, $C296, Transaksi!F:F, "Barang Datang") + SUMIFS(Transaksi!K:K, Transaksi!E:E, $C296, Transaksi!F:F, "Retur penjualan")+SUMIFS(Transaksi!K:K, Transaksi!E:E, $C296, Transaksi!F:F,"Rusak Internal") -> 0 | G296: =SUMIFS(Transaksi!I:I, Transaksi!E:E, $C296, Transaksi!F:F, "Terjual") + SUMIFS(Transaksi!J:J, Transaksi!E:E, $C296, Transaksi!F:F, "Retur Pembelian")+SUMIFS(Transaksi!I:I, Transaksi!E:E, $C296, Transaksi!F:F, "Dipakai Sendiri") -> 0 | H296: =IF(or(D296<>"",AND(B296<>"",C296<>"")),D296+E296-F296-G296,"") | I296: =if(AND(H296<>"",J296<>""), H296*J296,"")
A297: =IF(B297<>"",ROW(B297)-ROW($B$1),"") | C297: =IF(B297<>"",SUBSTITUTE(TRIM(B297)," ","-"),"") | E297: =SUMIFS(Transaksi!J:J, Transaksi!E:E, $C297, Transaksi!F:F, "Barang Datang")+SUMIFS(Transaksi!J:J, Transaksi!E:E,$C297,Transaksi!F:F,"Retur Penjualan") -> 0 | F297: =SUMIFS(Transaksi!K:K, Transaksi!E:E, $C297, Transaksi!F:F, "Barang Datang") + SUMIFS(Transaksi!K:K, Transaksi!E:E, $C297, Transaksi!F:F, "Retur penjualan")+SUMIFS(Transaksi!K:K, Transaksi!E:E, $C297, Transaksi!F:F,"Rusak Internal") -> 0 | G297: =SUMIFS(Transaksi!I:I, Transaksi!E:E, $C297, Transaksi!F:F, "Terjual") + SUMIFS(Transaksi!J:J, Transaksi!E:E, $C297, Transaksi!F:F, "Retur Pembelian")+SUMIFS(Transaksi!I:I, Transaksi!E:E, $C297, Transaksi!F:F, "Dipakai Sendiri") -> 0 | H297: =IF(or(D297<>"",AND(B297<>"",C297<>"")),D297+E297-F297-G297,"") | I297: =if(AND(H297<>"",J297<>""), H297*J297,"")
A298: =IF(B298<>"",ROW(B298)-ROW($B$1),"") | C298: =IF(B298<>"",SUBSTITUTE(TRIM(B298)," ","-"),"") | E298: =SUMIFS(Transaksi!J:J, Transaksi!E:E, $C298, Transaksi!F:F, "Barang Datang")+SUMIFS(Transaksi!J:J, Transaksi!E:E,$C298,Transaksi!F:F,"Retur Penjualan") -> 0 | F298: =SUMIFS(Transaksi!K:K, Transaksi!E:E, $C298, Transaksi!F:F, "Barang Datang") + SUMIFS(Transaksi!K:K, Transaksi!E:E, $C298, Transaksi!F:F, "Retur penjualan")+SUMIFS(Transaksi!K:K, Transaksi!E:E, $C298, Transaksi!F:F,"Rusak Internal") -> 0 | G298: =SUMIFS(Transaksi!I:I, Transaksi!E:E, $C298, Transaksi!F:F, "Terjual") + SUMIFS(Transaksi!J:J, Transaksi!E:E, $C298, Transaksi!F:F, "Retur Pembelian")+SUMIFS(Transaksi!I:I, Transaksi!E:E, $C298, Transaksi!F:F, "Dipakai Sendiri") -> 0 | H298: =IF(or(D298<>"",AND(B298<>"",C298<>"")),D298+E298-F298-G298,"") | I298: =if(AND(H298<>"",J298<>""), H298*J298,"")
A299: =IF(B299<>"",ROW(B299)-ROW($B$1),"") | C299: =IF(B299<>"",SUBSTITUTE(TRIM(B299)," ","-"),"") | E299: =SUMIFS(Transaksi!J:J, Transaksi!E:E, $C299, Transaksi!F:F, "Barang Datang")+SUMIFS(Transaksi!J:J, Transaksi!E:E,$C299,Transaksi!F:F,"Retur Penjualan") -> 0 | F299: =SUMIFS(Transaksi!K:K, Transaksi!E:E, $C299, Transaksi!F:F, "Barang Datang") + SUMIFS(Transaksi!K:K, Transaksi!E:E, $C299, Transaksi!F:F, "Retur penjualan")+SUMIFS(Transaksi!K:K, Transaksi!E:E, $C299, Transaksi!F:F,"Rusak Internal") -> 0 | G299: =SUMIFS(Transaksi!I:I, Transaksi!E:E, $C299, Transaksi!F:F, "Terjual") + SUMIFS(Transaksi!J:J, Transaksi!E:E, $C299, Transaksi!F:F, "Retur Pembelian")+SUMIFS(Transaksi!I:I, Transaksi!E:E, $C299, Transaksi!F:F, "Dipakai Sendiri") -> 0 | H299: =IF(or(D299<>"",AND(B299<>"",C299<>"")),D299+E299-F299-G299,"") | I299: =if(AND(H299<>"",J299<>""), H299*J299,"")
A300: =IF(B300<>"",ROW(B300)-ROW($B$1),"") | C300: =IF(B300<>"",SUBSTITUTE(TRIM(B300)," ","-"),"") | E300: =SUMIFS(Transaksi!J:J, Transaksi!E:E, $C300, Transaksi!F:F, "Barang Datang")+SUMIFS(Transaksi!J:J, Transaksi!E:E,$C300,Transaksi!F:F,"Retur Penjualan") -> 0 | F300: =SUMIFS(Transaksi!K:K, Transaksi!E:E, $C300, Transaksi!F:F, "Barang Datang") + SUMIFS(Transaksi!K:K, Transaksi!E:E, $C300, Transaksi!F:F, "Retur penjualan")+SUMIFS(Transaksi!K:K, Transaksi!E:E, $C300, Transaksi!F:F,"Rusak Internal") -> 0 | G300: =SUMIFS(Transaksi!I:I, Transaksi!E:E, $C300, Transaksi!F:F, "Terjual") + SUMIFS(Transaksi!J:J, Transaksi!E:E, $C300, Transaksi!F:F, "Retur Pembelian")+SUMIFS(Transaksi!I:I, Transaksi!E:E, $C300, Transaksi!F:F, "Dipakai Sendiri") -> 0 | H300: =IF(or(D300<>"",AND(B300<>"",C300<>"")),D300+E300-F300-G300,"") | I300: =if(AND(H300<>"",J300<>""), H300*J300,"")
A301: =IF(B301<>"",ROW(B301)-ROW($B$1),"") | C301: =IF(B301<>"",SUBSTITUTE(TRIM(B301)," ","-"),"") | E301: =SUMIFS(Transaksi!J:J, Transaksi!E:E, $C301, Transaksi!F:F, "Barang Datang")+SUMIFS(Transaksi!J:J, Transaksi!E:E,$C301,Transaksi!F:F,"Retur Penjualan") -> 0 | F301: =SUMIFS(Transaksi!K:K, Transaksi!E:E, $C301, Transaksi!F:F, "Barang Datang") + SUMIFS(Transaksi!K:K, Transaksi!E:E, $C301, Transaksi!F:F, "Retur penjualan")+SUMIFS(Transaksi!K:K, Transaksi!E:E, $C301, Transaksi!F:F,"Rusak Internal") -> 0 | G301: =SUMIFS(Transaksi!I:I, Transaksi!E:E, $C301, Transaksi!F:F, "Terjual") + SUMIFS(Transaksi!J:J, Transaksi!E:E, $C301, Transaksi!F:F, "Retur Pembelian")+SUMIFS(Transaksi!I:I, Transaksi!E:E, $C301, Transaksi!F:F, "Dipakai Sendiri") -> 0 | H301: =IF(or(D301<>"",AND(B301<>"",C301<>"")),D301+E301-F301-G301,"") | I301: =if(AND(H301<>"",J301<>""), H301*J301,"")
A302: =IF(B302<>"",ROW(B302)-ROW($B$1),"") | C302: =IF(B302<>"",SUBSTITUTE(TRIM(B302)," ","-"),"") | E302: =SUMIFS(Transaksi!J:J, Transaksi!E:E, $C302, Transaksi!F:F, "Barang Datang")+SUMIFS(Transaksi!J:J, Transaksi!E:E,$C302,Transaksi!F:F,"Retur Penjualan") -> 0 | F302: =SUMIFS(Transaksi!K:K, Transaksi!E:E, $C302, Transaksi!F:F, "Barang Datang") + SUMIFS(Transaksi!K:K, Transaksi!E:E, $C302, Transaksi!F:F, "Retur penjualan")+SUMIFS(Transaksi!K:K, Transaksi!E:E, $C302, Transaksi!F:F,"Rusak Internal") -> 0 | G302: =SUMIFS(Transaksi!I:I, Transaksi!E:E, $C302, Transaksi!F:F, "Terjual") + SUMIFS(Transaksi!J:J, Transaksi!E:E, $C302, Transaksi!F:F, "Retur Pembelian")+SUMIFS(Transaksi!I:I, Transaksi!E:E, $C302, Transaksi!F:F, "Dipakai Sendiri") -> 0 | H302: =IF(or(D302<>"",AND(B302<>"",C302<>"")),D302+E302-F302-G302,"") | I302: =if(AND(H302<>"",J302<>""), H302*J302,"")
A303: =IF(B303<>"",ROW(B303)-ROW($B$1),"") | C303: =IF(B303<>"",SUBSTITUTE(TRIM(B303)," ","-"),"") | E303: =SUMIFS(Transaksi!J:J, Transaksi!E:E, $C303, Transaksi!F:F, "Barang Datang")+SUMIFS(Transaksi!J:J, Transaksi!E:E,$C303,Transaksi!F:F,"Retur Penjualan") -> 0 | F303: =SUMIFS(Transaksi!K:K, Transaksi!E:E, $C303, Transaksi!F:F, "Barang Datang") + SUMIFS(Transaksi!K:K, Transaksi!E:E, $C303, Transaksi!F:F, "Retur penjualan")+SUMIFS(Transaksi!K:K, Transaksi!E:E, $C303, Transaksi!F:F,"Rusak Internal") -> 0 | G303: =SUMIFS(Transaksi!I:I, Transaksi!E:E, $C303, Transaksi!F:F, "Terjual") + SUMIFS(Transaksi!J:J, Transaksi!E:E, $C303, Transaksi!F:F, "Retur Pembelian")+SUMIFS(Transaksi!I:I, Transaksi!E:E, $C303, Transaksi!F:F, "Dipakai Sendiri") -> 0 | H303: =IF(or(D303<>"",AND(B303<>"",C303<>"")),D303+E303-F303-G303,"") | I303: =if(AND(H303<>"",J303<>""), H303*J303,"")
A304: =IF(B304<>"",ROW(B304)-ROW($B$1),"") | C304: =IF(B304<>"",SUBSTITUTE(TRIM(B304)," ","-"),"") | E304: =SUMIFS(Transaksi!J:J, Transaksi!E:E, $C304, Transaksi!F:F, "Barang Datang")+SUMIFS(Transaksi!J:J, Transaksi!E:E,$C304,Transaksi!F:F,"Retur Penjualan") -> 0 | F304: =SUMIFS(Transaksi!K:K, Transaksi!E:E, $C304, Transaksi!F:F, "Barang Datang") + SUMIFS(Transaksi!K:K, Transaksi!E:E, $C304, Transaksi!F:F, "Retur penjualan")+SUMIFS(Transaksi!K:K, Transaksi!E:E, $C304, Transaksi!F:F,"Rusak Internal") -> 0 | G304: =SUMIFS(Transaksi!I:I, Transaksi!E:E, $C304, Transaksi!F:F, "Terjual") + SUMIFS(Transaksi!J:J, Transaksi!E:E, $C304, Transaksi!F:F, "Retur Pembelian")+SUMIFS(Transaksi!I:I, Transaksi!E:E, $C304, Transaksi!F:F, "Dipakai Sendiri") -> 0 | H304: =IF(or(D304<>"",AND(B304<>"",C304<>"")),D304+E304-F304-G304,"") | I304: =if(AND(H304<>"",J304<>""), H304*J304,"")
A305: =IF(B305<>"",ROW(B305)-ROW($B$1),"") | C305: =IF(B305<>"",SUBSTITUTE(TRIM(B305)," ","-"),"") | E305: =SUMIFS(Transaksi!J:J, Transaksi!E:E, $C305, Transaksi!F:F, "Barang Datang")+SUMIFS(Transaksi!J:J, Transaksi!E:E,$C305,Transaksi!F:F,"Retur Penjualan") -> 0 | F305: =SUMIFS(Transaksi!K:K, Transaksi!E:E, $C305, Transaksi!F:F, "Barang Datang") + SUMIFS(Transaksi!K:K, Transaksi!E:E, $C305, Transaksi!F:F, "Retur penjualan")+SUMIFS(Transaksi!K:K, Transaksi!E:E, $C305, Transaksi!F:F,"Rusak Internal") -> 0 | G305: =SUMIFS(Transaksi!I:I, Transaksi!E:E, $C305, Transaksi!F:F, "Terjual") + SUMIFS(Transaksi!J:J, Transaksi!E:E, $C305, Transaksi!F:F, "Retur Pembelian")+SUMIFS(Transaksi!I:I, Transaksi!E:E, $C305, Transaksi!F:F, "Dipakai Sendiri") -> 0 | H305: =IF(or(D305<>"",AND(B305<>"",C305<>"")),D305+E305-F305-G305,"") | I305: =if(AND(H305<>"",J305<>""), H305*J305,"")
A306: =IF(B306<>"",ROW(B306)-ROW($B$1),"") | C306: =IF(B306<>"",SUBSTITUTE(TRIM(B306)," ","-"),"") | E306: =SUMIFS(Transaksi!J:J, Transaksi!E:E, $C306, Transaksi!F:F, "Barang Datang")+SUMIFS(Transaksi!J:J, Transaksi!E:E,$C306,Transaksi!F:F,"Retur Penjualan") -> 0 | F306: =SUMIFS(Transaksi!K:K, Transaksi!E:E, $C306, Transaksi!F:F, "Barang Datang") + SUMIFS(Transaksi!K:K, Transaksi!E:E, $C306, Transaksi!F:F, "Retur penjualan")+SUMIFS(Transaksi!K:K, Transaksi!E:E, $C306, Transaksi!F:F,"Rusak Internal") -> 0 | G306: =SUMIFS(Transaksi!I:I, Transaksi!E:E, $C306, Transaksi!F:F, "Terjual") + SUMIFS(Transaksi!J:J, Transaksi!E:E, $C306, Transaksi!F:F, "Retur Pembelian")+SUMIFS(Transaksi!I:I, Transaksi!E:E, $C306, Transaksi!F:F, "Dipakai Sendiri") -> 0 | H306: =IF(or(D306<>"",AND(B306<>"",C306<>"")),D306+E306-F306-G306,"") | I306: =if(AND(H306<>"",J306<>""), H306*J306,"")
A307: =IF(B307<>"",ROW(B307)-ROW($B$1),"") | C307: =IF(B307<>"",SUBSTITUTE(TRIM(B307)," ","-"),"") | E307: =SUMIFS(Transaksi!J:J, Transaksi!E:E, $C307, Transaksi!F:F, "Barang Datang")+SUMIFS(Transaksi!J:J, Transaksi!E:E,$C307,Transaksi!F:F,"Retur Penjualan") -> 0 | F307: =SUMIFS(Transaksi!K:K, Transaksi!E:E, $C307, Transaksi!F:F, "Barang Datang") + SUMIFS(Transaksi!K:K, Transaksi!E:E, $C307, Transaksi!F:F, "Retur penjualan")+SUMIFS(Transaksi!K:K, Transaksi!E:E, $C307, Transaksi!F:F,"Rusak Internal") -> 0 | G307: =SUMIFS(Transaksi!I:I, Transaksi!E:E, $C307, Transaksi!F:F, "Terjual") + SUMIFS(Transaksi!J:J, Transaksi!E:E, $C307, Transaksi!F:F, "Retur Pembelian")+SUMIFS(Transaksi!I:I, Transaksi!E:E, $C307, Transaksi!F:F, "Dipakai Sendiri") -> 0 | H307: =IF(or(D307<>"",AND(B307<>"",C307<>"")),D307+E307-F307-G307,"") | I307: =if(AND(H307<>"",J307<>""), H307*J307,"")
... A315: =IF(B315<>"",ROW(B315)-ROW($B$1),"") | C315: =IF(B315<>"",SUBSTITUTE(TRIM(B315)," ","-"),"") | E315: =SUMIFS(Transaksi!J:J, Transaksi!E:E, $C315, Transaksi!F:F, "Barang Datang")+SUMIFS(Transaksi!J:J, Transaksi!E:E,$C315,Transaksi!F:F,"Retur Penjualan") -> 0 | F315: =SUMIFS(Transaksi!K:K, Transaksi!E:E, $C315, Transaksi!F:F, "Barang Datang") + SUMIFS(Transaksi!K:K, Transaksi!E:E, $C315, Transaksi!F:F, "Retur penjualan")+SUMIFS(Transaksi!K:K, Transaksi!E:E, $C315, Transaksi!F:F,"Rusak Internal") -> 0 | G315: =SUMIFS(Transaksi!I:I, Transaksi!E:E, $C315, Transaksi!F:F, "Terjual") + SUMIFS(Transaksi!J:J, Transaksi!E:E, $C315, Transaksi!F:F, "Retur Pembelian")+SUMIFS(Transaksi!I:I, Transaksi!E:E, $C315, Transaksi!F:F, "Dipakai Sendiri") -> 0 | H315: =IF(or(D315<>"",AND(B315<>"",C315<>"")),D315+E315-F315-G315,"") | I315: =if(AND(H315<>"",J315<>""), H315*J315,"")
A316: =IF(B316<>"",ROW(B316)-ROW($B$1),"") | C316: =IF(B316<>"",SUBSTITUTE(TRIM(B316)," ","-"),"") | H316: =IF(or(D316<>"",AND(B316<>"",C316<>"")),D316+E316-F316-G316,"") | I316: =if(AND(H316<>"",J316<>""), H316*J316,"")
A317: =IF(B317<>"",ROW(B317)-ROW($B$1),"") | C317: =IF(B317<>"",SUBSTITUTE(TRIM(B317)," ","-"),"") | H317: =IF(or(D317<>"",AND(B317<>"",C317<>"")),D317+E317-F317-G317,"") | I317: =if(AND(H317<>"",J317<>""), H317*J317,"")
A318: =IF(B318<>"",ROW(B318)-ROW($B$1),"") | C318: =IF(B318<>"",SUBSTITUTE(TRIM(B318)," ","-"),"") | H318: =IF(or(D318<>"",AND(B318<>"",C318<>"")),D318+E318-F318-G318,"") | I318: =if(AND(H318<>"",J318<>""), H318*J318,"")
A319: =IF(B319<>"",ROW(B319)-ROW($B$1),"") | C319: =IF(B319<>"",SUBSTITUTE(TRIM(B319)," ","-"),"") | H319: =IF(or(D319<>"",AND(B319<>"",C319<>"")),D319+E319-F319-G319,"") | I319: =if(AND(H319<>"",J319<>""), H319*J319,"")
A320: =IF(B320<>"",ROW(B320)-ROW($B$1),"") | C320: =IF(B320<>"",SUBSTITUTE(TRIM(B320)," ","-"),"") | H320: =IF(or(D320<>"",AND(B320<>"",C320<>"")),D320+E320-F320-G320,"") | I320: =if(AND(H320<>"",J320<>""), H320*J320,"")
A321: =IF(B321<>"",ROW(B321)-ROW($B$1),"") | C321: =IF(B321<>"",SUBSTITUTE(TRIM(B321)," ","-"),"") | H321: =IF(or(D321<>"",AND(B321<>"",C321<>"")),D321+E321-F321-G321,"") | I321: =if(AND(H321<>"",J321<>""), H321*J321,"")
A322: =IF(B322<>"",ROW(B322)-ROW($B$1),"") | C322: =IF(B322<>"",SUBSTITUTE(TRIM(B322)," ","-"),"") | H322: =IF(or(D322<>"",AND(B322<>"",C322<>"")),D322+E322-F322-G322,"") | I322: =if(AND(H322<>"",J322<>""), H322*J322,"")
A323: =IF(B323<>"",ROW(B323)-ROW($B$1),"") | C323: =IF(B323<>"",SUBSTITUTE(TRIM(B323)," ","-"),"") | H323: =IF(or(D323<>"",AND(B323<>"",C323<>"")),D323+E323-F323-G323,"") | I323: =if(AND(H323<>"",J323<>""), H323*J323,"")
A324: =IF(B324<>"",ROW(B324)-ROW($B$1),"") | C324: =IF(B324<>"",SUBSTITUTE(TRIM(B324)," ","-"),"") | H324: =IF(or(D324<>"",AND(B324<>"",C324<>"")),D324+E324-F324-G324,"") | I324: =if(AND(H324<>"",J324<>""), H324*J324,"")
A325: =IF(B325<>"",ROW(B325)-ROW($B$1),"") | C325: =IF(B325<>"",SUBSTITUTE(TRIM(B325)," ","-"),"") | H325: =IF(or(D325<>"",AND(B325<>"",C325<>"")),D325+E325-F325-G325,"") | I325: =if(AND(H325<>"",J325<>""), H325*J325,"")
A326: =IF(B326<>"",ROW(B326)-ROW($B$1),"") | C326: =IF(B326<>"",SUBSTITUTE(TRIM(B326)," ","-"),"") | H326: =IF(or(D326<>"",AND(B326<>"",C326<>"")),D326+E326-F326-G326,"") | I326: =if(AND(H326<>"",J326<>""), H326*J326,"")
A327: =IF(B327<>"",ROW(B327)-ROW($B$1),"") | C327: =IF(B327<>"",SUBSTITUTE(TRIM(B327)," ","-"),"") | H327: =IF(or(D327<>"",AND(B327<>"",C327<>"")),D327+E327-F327-G327,"") | I327: =if(AND(H327<>"",J327<>""), H327*J327,"")
... A498: =IF(B498<>"",ROW(B498)-ROW($B$1),"") | C498: =IF(B498<>"",SUBSTITUTE(TRIM(B498)," ","-"),"") | H498: =IF(or(D498<>"",AND(B498<>"",C498<>"")),D498+E498-F498-G498,"") | I498: =if(AND(H498<>"",J498<>""), H498*J498,"")

Sheet Sheet3

Sheet Transaksi
A1: No. | B1: Tanggal | C1: Waktu | D1: Nama Unit | E1: Kode SKU | F1: Type | G1: Total By Order | H1: Total By Count | I1: Total Out | J1: Aman | K1: Rusak | L1: Harga Satuan | M1: Nilai Transaksi
A2: =IF(D2<>"",ROW(D2)-ROW($D$1),"") -> 1 | B2: 45752 | D2: PH METER | E2: {=XLOOKUP(D2,'Master Barang'!B:B,'Master Barang'!C:C,,0)} -> 009B/PHMETER | F2: Barang Datang | G2: =IFERROR(__xludf.DUMMYFUNCTION("IF(OR(E2="""",F2<>""Barang Datang""), """", IFERROR( INDEX( SORT( FILTER(Jadwal!F:F, Jadwal!C:C=E2), FILTER(Jadwal!E:E, Jadwal!C:C=E2), FALSE ), 1 ), ""TIDAK ADA JADWAL"" ) )"),20.0) -> 20 | H2: =if(and(J2="",K2="",G2=""),"", SUM(J2:K2)) -> 20 | J2: 20 | L2: 150000 | M2: 3000000
A3: =IF(D3<>"",ROW(D3)-ROW($D$1),"") | E3: {=XLOOKUP(D3,'Master Barang'!B:B,'Master Barang'!C:C,,0)} | G3: =IFERROR(__xludf.DUMMYFUNCTION("IF(OR(E3="""",F3<>""Barang Datang""), """", IFERROR( INDEX( SORT( FILTER(Jadwal!F:F, Jadwal!C:C=E3), FILTER(Jadwal!E:E, Jadwal!C:C=E3), FALSE ), 1 ), ""TIDAK ADA JADWAL"" ) )"),"") | H3: =if(and(J3="",K3="",G3=""),"", SUM(J3:K3))
A4: =IF(D4<>"",ROW(D4)-ROW($D$1),"") | E4: {=XLOOKUP(D4,'Master Barang'!B:B,'Master Barang'!C:C,,0)} | G4: =IFERROR(__xludf.DUMMYFUNCTION("IF(OR(E4="""",F4<>""Barang Datang""), """", IFERROR( INDEX( SORT( FILTER(Jadwal!F:F, Jadwal!C:C=E4), FILTER(Jadwal!E:E, Jadwal!C:C=E4), FALSE ), 1 ), ""TIDAK ADA JADWAL"" ) )"),"") | H4: =if(and(J4="",K4="",G4=""),"", SUM(J4:K4))
A5: =IF(D5<>"",ROW(D5)-ROW($D$1),"") | E5: {=XLOOKUP(D5,'Master Barang'!B:B,'Master Barang'!C:C,,0)} | G5: =IFERROR(__xludf.DUMMYFUNCTION("IF(OR(E5="""",F5<>""Barang Datang""), """", IFERROR( INDEX( SORT( FILTER(Jadwal!F:F, Jadwal!C:C=E5), FILTER(Jadwal!E:E, Jadwal!C:C=E5), FALSE ), 1 ), ""TIDAK ADA JADWAL"" ) )"),"") | H5: =if(and(J5="",K5="",G5=""),"", SUM(J5:K5))
A6: =IF(D6<>"",ROW(D6)-ROW($D$1),"") | E6: {=XLOOKUP(D6,'Master Barang'!B:B,'Master Barang'!C:C,,0)} | G6: =IFERROR(__xludf.DUMMYFUNCTION("IF(OR(E6="""",F6<>""Barang Datang""), """", IFERROR( INDEX( SORT( FILTER(Jadwal!F:F, Jadwal!C:C=E6), FILTER(Jadwal!E:E, Jadwal!C:C=E6), FALSE ), 1 ), ""TIDAK ADA JADWAL"" ) )"),"") | H6: =if(and(J6="",K6="",G6=""),"", SUM(J6:K6))
A7: =IF(D7<>"",ROW(D7)-ROW($D$1),"") | E7: {=XLOOKUP(D7,'Master Barang'!B:B,'Master Barang'!C:C,,0)} | G7: =IFERROR(__xludf.DUMMYFUNCTION("IF(OR(E7="""",F7<>""Barang Datang""), """", IFERROR( INDEX( SORT( FILTER(Jadwal!F:F, Jadwal!C:C=E7), FILTER(Jadwal!E:E, Jadwal!C:C=E7), FALSE ), 1 ), ""TIDAK ADA JADWAL"" ) )"),"") | H7: =if(and(J7="",K7="",G7=""),"", SUM(J7:K7))
A8: =IF(D8<>"",ROW(D8)-ROW($D$1),"") | E8: {=XLOOKUP(D8,'Master Barang'!B:B,'Master Barang'!C:C,,0)} | G8: =IFERROR(__xludf.DUMMYFUNCTION("IF(OR(E8="""",F8<>""Barang Datang""), """", IFERROR( INDEX( SORT( FILTER(Jadwal!F:F, Jadwal!C:C=E8), FILTER(Jadwal!E:E, Jadwal!C:C=E8), FALSE ), 1 ), ""TIDAK ADA JADWAL"" ) )"),"") | H8: =if(and(J8="",K8="",G8=""),"", SUM(J8:K8))
A9: =IF(D9<>"",ROW(D9)-ROW($D$1),"") | E9: {=XLOOKUP(D9,'Master Barang'!B:B,'Master Barang'!C:C,,0)} | G9: =IFERROR(__xludf.DUMMYFUNCTION("IF(OR(E9="""",F9<>""Barang Datang""), """", IFERROR( INDEX( SORT( FILTER(Jadwal!F:F, Jadwal!C:C=E9), FILTER(Jadwal!E:E, Jadwal!C:C=E9), FALSE ), 1 ), ""TIDAK ADA JADWAL"" ) )"),"") | H9: =if(and(J9="",K9="",G9=""),"", SUM(J9:K9))
A10: =IF(D10<>"",ROW(D10)-ROW($D$1),"") | E10: {=XLOOKUP(D10,'Master Barang'!B:B,'Master Barang'!C:C,,0)} | G10: =IFERROR(__xludf.DUMMYFUNCTION("IF(OR(E10="""",F10<>""Barang Datang""), """", IFERROR( INDEX( SORT( FILTER(Jadwal!F:F, Jadwal!C:C=E10), FILTER(Jadwal!E:E, Jadwal!C:C=E10), FALSE ), 1 ), ""TIDAK ADA JADWAL"" ) )"),"") | H10: =if(and(J10="",K10="",G10=""),"", SUM(J10:K10))
A11: =IF(D11<>"",ROW(D11)-ROW($D$1),"") | E11: {=XLOOKUP(D11,'Master Barang'!B:B,'Master Barang'!C:C,,0)} | G11: =IFERROR(__xludf.DUMMYFUNCTION("IF(OR(E11="""",F11<>""Barang Datang""), """", IFERROR( INDEX( SORT( FILTER(Jadwal!F:F, Jadwal!C:C=E11), FILTER(Jadwal!E:E, Jadwal!C:C=E11), FALSE ), 1 ), ""TIDAK ADA JADWAL"" ) )"),"") | H11: =if(and(J11="",K11="",G11=""),"", SUM(J11:K11))
A12: =IF(D12<>"",ROW(D12)-ROW($D$1),"") | E12: {=XLOOKUP(D12,'Master Barang'!B:B,'Master Barang'!C:C,,0)} | G12: =IFERROR(__xludf.DUMMYFUNCTION("IF(OR(E12="""",F12<>""Barang Datang""), """", IFERROR( INDEX( SORT( FILTER(Jadwal!F:F, Jadwal!C:C=E12), FILTER(Jadwal!E:E, Jadwal!C:C=E12), FALSE ), 1 ), ""TIDAK ADA JADWAL"" ) )"),"") | H12: =if(and(J12="",K12="",G12=""),"", SUM(J12:K12))
A13: =IF(D13<>"",ROW(D13)-ROW($D$1),"") | E13: {=XLOOKUP(D13,'Master Barang'!B:B,'Master Barang'!C:C,,0)} | G13: =IFERROR(__xludf.DUMMYFUNCTION("IF(OR(E13="""",F13<>""Barang Datang""), """", IFERROR( INDEX( SORT( FILTER(Jadwal!F:F, Jadwal!C:C=E13), FILTER(Jadwal!E:E, Jadwal!C:C=E13), FALSE ), 1 ), ""TIDAK ADA JADWAL"" ) )"),"") | H13: =if(and(J13="",K13="",G13=""),"", SUM(J13:K13))
A14: =IF(D14<>"",ROW(D14)-ROW($D$1),"") | E14: {=XLOOKUP(D14,'Master Barang'!B:B,'Master Barang'!C:C,,0)} | G14: =IFERROR(__xludf.DUMMYFUNCTION("IF(OR(E14="""",F14<>""Barang Datang""), """", IFERROR( INDEX( SORT( FILTER(Jadwal!F:F, Jadwal!C:C=E14), FILTER(Jadwal!E:E, Jadwal!C:C=E14), FALSE ), 1 ), ""TIDAK ADA JADWAL"" ) )"),"") | H14: =if(and(J14="",K14="",G14=""),"", SUM(J14:K14))
A15: =IF(D15<>"",ROW(D15)-ROW($D$1),"") | E15: {=XLOOKUP(D15,'Master Barang'!B:B,'Master Barang'!C:C,,0)} | G15: =IFERROR(__xludf.DUMMYFUNCTION("IF(OR(E15="""",F15<>""Barang Datang""), """", IFERROR( INDEX( SORT( FILTER(Jadwal!F:F, Jadwal!C:C=E15), FILTER(Jadwal!E:E, Jadwal!C:C=E15), FALSE ), 1 ), ""TIDAK ADA JADWAL"" ) )"),"") | H15: =if(and(J15="",K15="",G15=""),"", SUM(J15:K15))
A16: =IF(D16<>"",ROW(D16)-ROW($D$1),"") | E16: {=XLOOKUP(D16,'Master Barang'!B:B,'Master Barang'!C:C,,0)} | G16: =IFERROR(__xludf.DUMMYFUNCTION("IF(OR(E16="""",F16<>""Barang Datang""), """", IFERROR( INDEX( SORT( FILTER(Jadwal!F:F, Jadwal!C:C=E16), FILTER(Jadwal!E:E, Jadwal!C:C=E16), FALSE ), 1 ), ""TIDAK ADA JADWAL"" ) )"),"") | H16: =if(and(J16="",K16="",G16=""),"", SUM(J16:K16))
A17: =IF(D17<>"",ROW(D17)-ROW($D$1),"") | E17: {=XLOOKUP(D17,'Master Barang'!B:B,'Master Barang'!C:C,,0)} | G17: =IFERROR(__xludf.DUMMYFUNCTION("IF(OR(E17="""",F17<>""Barang Datang""), """", IFERROR( INDEX( SORT( FILTER(Jadwal!F:F, Jadwal!C:C=E17), FILTER(Jadwal!E:E, Jadwal!C:C=E17), FALSE ), 1 ), ""TIDAK ADA JADWAL"" ) )"),"") | H17: =if(and(J17="",K17="",G17=""),"", SUM(J17:K17))
A18: =IF(D18<>"",ROW(D18)-ROW($D$1),"") | E18: {=XLOOKUP(D18,'Master Barang'!B:B,'Master Barang'!C:C,,0)} | G18: =IFERROR(__xludf.DUMMYFUNCTION("IF(OR(E18="""",F18<>""Barang Datang""), """", IFERROR( INDEX( SORT( FILTER(Jadwal!F:F, Jadwal!C:C=E18), FILTER(Jadwal!E:E, Jadwal!C:C=E18), FALSE ), 1 ), ""TIDAK ADA JADWAL"" ) )"),"") | H18: =if(and(J18="",K18="",G18=""),"", SUM(J18:K18))
A19: =IF(D19<>"",ROW(D19)-ROW($D$1),"") | E19: {=XLOOKUP(D19,'Master Barang'!B:B,'Master Barang'!C:C,,0)} | G19: =IFERROR(__xludf.DUMMYFUNCTION("IF(OR(E19="""",F19<>""Barang Datang""), """", IFERROR( INDEX( SORT( FILTER(Jadwal!F:F, Jadwal!C:C=E19), FILTER(Jadwal!E:E, Jadwal!C:C=E19), FALSE ), 1 ), ""TIDAK ADA JADWAL"" ) )"),"") | H19: =if(and(J19="",K19="",G19=""),"", SUM(J19:K19))
A20: =IF(D20<>"",ROW(D20)-ROW($D$1),"") | E20: {=XLOOKUP(D20,'Master Barang'!B:B,'Master Barang'!C:C,,0)} | G20: =IFERROR(__xludf.DUMMYFUNCTION("IF(OR(E20="""",F20<>""Barang Datang""), """", IFERROR( INDEX( SORT( FILTER(Jadwal!F:F, Jadwal!C:C=E20), FILTER(Jadwal!E:E, Jadwal!C:C=E20), FALSE ), 1 ), ""TIDAK ADA JADWAL"" ) )"),"") | H20: =if(and(J20="",K20="",G20=""),"", SUM(J20:K20))
A21: =IF(D21<>"",ROW(D21)-ROW($D$1),"") | E21: {=XLOOKUP(D21,'Master Barang'!B:B,'Master Barang'!C:C,,0)} | G21: =IFERROR(__xludf.DUMMYFUNCTION("IF(OR(E21="""",F21<>""Barang Datang""), """", IFERROR( INDEX( SORT( FILTER(Jadwal!F:F, Jadwal!C:C=E21), FILTER(Jadwal!E:E, Jadwal!C:C=E21), FALSE ), 1 ), ""TIDAK ADA JADWAL"" ) )"),"") | H21: =if(and(J21="",K21="",G21=""),"", SUM(J21:K21))
A22: =IF(D22<>"",ROW(D22)-ROW($D$1),"") | E22: {=XLOOKUP(D22,'Master Barang'!B:B,'Master Barang'!C:C,,0)} | G22: =IFERROR(__xludf.DUMMYFUNCTION("IF(OR(E22="""",F22<>""Barang Datang""), """", IFERROR( INDEX( SORT( FILTER(Jadwal!F:F, Jadwal!C:C=E22), FILTER(Jadwal!E:E, Jadwal!C:C=E22), FALSE ), 1 ), ""TIDAK ADA JADWAL"" ) )"),"") | H22: =if(and(J22="",K22="",G22=""),"", SUM(J22:K22))
A23: =IF(D23<>"",ROW(D23)-ROW($D$1),"") | B23: =IF(D23<>"",TODAY(),"") | C23: =IF(AND(D23<>"",A23<>"",B23<>""),NOW(),"") | E23: {=XLOOKUP(D23,'Master Barang'!B:B,'Master Barang'!C:C,,0)} | G23: =IFERROR(__xludf.DUMMYFUNCTION("IF(OR(E23="""",F23<>""Barang Datang""), """", IFERROR( INDEX( SORT( FILTER(Jadwal!F:F, Jadwal!C:C=E23), FILTER(Jadwal!E:E, Jadwal!C:C=E23), FALSE ), 1 ), ""TIDAK ADA JADWAL"" ) )"),"") | H23: =if(and(J23="",K23="",G23=""),"", SUM(J23:K23))
A24: =IF(D24<>"",ROW(D24)-ROW($D$1),"") | B24: =IF(D24<>"",TODAY(),"") | C24: =IF(AND(D24<>"",A24<>"",B24<>""),NOW(),"") | E24: {=XLOOKUP(D24,'Master Barang'!B:B,'Master Barang'!C:C,,0)} | G24: =IFERROR(__xludf.DUMMYFUNCTION("IF(OR(E24="""",F24<>""Barang Datang""), """", IFERROR( INDEX( SORT( FILTER(Jadwal!F:F, Jadwal!C:C=E24), FILTER(Jadwal!E:E, Jadwal!C:C=E24), FALSE ), 1 ), ""TIDAK ADA JADWAL"" ) )"),"") | H24: =if(and(J24="",K24="",G24=""),"", SUM(J24:K24))
A25: =IF(D25<>"",ROW(D25)-ROW($D$1),"") | B25: =IF(D25<>"",TODAY(),"") | C25: =IF(AND(D25<>"",A25<>"",B25<>""),NOW(),"") | E25: {=XLOOKUP(D25,'Master Barang'!B:B,'Master Barang'!C:C,,0)} | G25: =IFERROR(__xludf.DUMMYFUNCTION("IF(OR(E25="""",F25<>""Barang Datang""), """", IFERROR( INDEX( SORT( FILTER(Jadwal!F:F, Jadwal!C:C=E25), FILTER(Jadwal!E:E, Jadwal!C:C=E25), FALSE ), 1 ), ""TIDAK ADA JADWAL"" ) )"),"") | H25: =if(and(J25="",K25="",G25=""),"", SUM(J25:K25))
A26: =IF(D26<>"",ROW(D26)-ROW($D$1),"") | B26: =IF(D26<>"",TODAY(),"") | C26: =IF(AND(D26<>"",A26<>"",B26<>""),NOW(),"") | E26: {=XLOOKUP(D26,'Master Barang'!B:B,'Master Barang'!C:C,,0)} | G26: =IFERROR(__xludf.DUMMYFUNCTION("IF(OR(E26="""",F26<>""Barang Datang""), """", IFERROR( INDEX( SORT( FILTER(Jadwal!F:F, Jadwal!C:C=E26), FILTER(Jadwal!E:E, Jadwal!C:C=E26), FALSE ), 1 ), ""TIDAK ADA JADWAL"" ) )"),"") | H26: =if(and(J26="",K26="",G26=""),"", SUM(J26:K26))
A27: =IF(D27<>"",ROW(D27)-ROW($D$1),"") | B27: =IF(D27<>"",TODAY(),"") | C27: =IF(AND(D27<>"",A27<>"",B27<>""),NOW(),"") | E27: {=XLOOKUP(D27,'Master Barang'!B:B,'Master Barang'!C:C,,0)} | G27: =IFERROR(__xludf.DUMMYFUNCTION("IF(OR(E27="""",F27<>""Barang Datang""), """", IFERROR( INDEX( SORT( FILTER(Jadwal!F:F, Jadwal!C:C=E27), FILTER(Jadwal!E:E, Jadwal!C:C=E27), FALSE ), 1 ), ""TIDAK ADA JADWAL"" ) )"),"") | H27: =if(and(J27="",K27="",G27=""),"", SUM(J27:K27))
A28: =IF(D28<>"",ROW(D28)-ROW($D$1),"") | B28: =IF(D28<>"",TODAY(),"") | C28: =IF(AND(D28<>"",A28<>"",B28<>""),NOW(),"") | E28: {=XLOOKUP(D28,'Master Barang'!B:B,'Master Barang'!C:C,,0)} | G28: =IFERROR(__xludf.DUMMYFUNCTION("IF(OR(E28="""",F28<>""Barang Datang""), """", IFERROR( INDEX( SORT( FILTER(Jadwal!F:F, Jadwal!C:C=E28), FILTER(Jadwal!E:E, Jadwal!C:C=E28), FALSE ), 1 ), ""TIDAK ADA JADWAL"" ) )"),"") | H28: =if(and(J28="",K28="",G28=""),"", SUM(J28:K28))
A29: =IF(D29<>"",ROW(D29)-ROW($D$1),"") | B29: =IF(D29<>"",TODAY(),"") | C29: =IF(AND(D29<>"",A29<>"",B29<>""),NOW(),"") | E29: {=XLOOKUP(D29,'Master Barang'!B:B,'Master Barang'!C:C,,0)} | G29: =IFERROR(__xludf.DUMMYFUNCTION("IF(OR(E29="""",F29<>""Barang Datang""), """", IFERROR( INDEX( SORT( FILTER(Jadwal!F:F, Jadwal!C:C=E29), FILTER(Jadwal!E:E, Jadwal!C:C=E29), FALSE ), 1 ), ""TIDAK ADA JADWAL"" ) )"),"") | H29: =if(and(J29="",K29="",G29=""),"", SUM(J29:K29))
A30: =IF(D30<>"",ROW(D30)-ROW($D$1),"") | B30: =IF(D30<>"",TODAY(),"") | C30: =IF(AND(D30<>"",A30<>"",B30<>""),NOW(),"") | E30: {=XLOOKUP(D30,'Master Barang'!B:B,'Master Barang'!C:C,,0)} | G30: =IFERROR(__xludf.DUMMYFUNCTION("IF(OR(E30="""",F30<>""Barang Datang""), """", IFERROR( INDEX( SORT( FILTER(Jadwal!F:F, Jadwal!C:C=E30), FILTER(Jadwal!E:E, Jadwal!C:C=E30), FALSE ), 1 ), ""TIDAK ADA JADWAL"" ) )"),"") | H30: =if(and(J30="",K30="",G30=""),"", SUM(J30:K30))
A31: =IF(D31<>"",ROW(D31)-ROW($D$1),"") | B31: =IF(D31<>"",TODAY(),"") | C31: =IF(AND(D31<>"",A31<>"",B31<>""),NOW(),"") | E31: {=XLOOKUP(D31,'Master Barang'!B:B,'Master Barang'!C:C,,0)} | G31: =IFERROR(__xludf.DUMMYFUNCTION("IF(OR(E31="""",F31<>""Barang Datang""), """", IFERROR( INDEX( SORT( FILTER(Jadwal!F:F, Jadwal!C:C=E31), FILTER(Jadwal!E:E, Jadwal!C:C=E31), FALSE ), 1 ), ""TIDAK ADA JADWAL"" ) )"),"") | H31: =if(and(J31="",K31="",G31=""),"", SUM(J31:K31))
A32: =IF(D32<>"",ROW(D32)-ROW($D$1),"") | B32: =IF(D32<>"",TODAY(),"") | C32: =IF(AND(D32<>"",A32<>"",B32<>""),NOW(),"") | E32: {=XLOOKUP(D32,'Master Barang'!B:B,'Master Barang'!C:C,,0)} | G32: =IFERROR(__xludf.DUMMYFUNCTION("IF(OR(E32="""",F32<>""Barang Datang""), """", IFERROR( INDEX( SORT( FILTER(Jadwal!F:F, Jadwal!C:C=E32), FILTER(Jadwal!E:E, Jadwal!C:C=E32), FALSE ), 1 ), ""TIDAK ADA JADWAL"" ) )"),"") | H32: =if(and(J32="",K32="",G32=""),"", SUM(J32:K32))
A33: =IF(D33<>"",ROW(D33)-ROW($D$1),"") | B33: =IF(D33<>"",TODAY(),"") | C33: =IF(AND(D33<>"",A33<>"",B33<>""),NOW(),"") | E33: {=XLOOKUP(D33,'Master Barang'!B:B,'Master Barang'!C:C,,0)} | G33: =IFERROR(__xludf.DUMMYFUNCTION("IF(OR(E33="""",F33<>""Barang Datang""), """", IFERROR( INDEX( SORT( FILTER(Jadwal!F:F, Jadwal!C:C=E33), FILTER(Jadwal!E:E, Jadwal!C:C=E33), FALSE ), 1 ), ""TIDAK ADA JADWAL"" ) )"),"") | H33: =if(and(J33="",K33="",G33=""),"", SUM(J33:K33))
A34: =IF(D34<>"",ROW(D34)-ROW($D$1),"") | B34: =IF(D34<>"",TODAY(),"") | C34: =IF(AND(D34<>"",A34<>"",B34<>""),NOW(),"") | E34: {=XLOOKUP(D34,'Master Barang'!B:B,'Master Barang'!C:C,,0)} | G34: =IFERROR(__xludf.DUMMYFUNCTION("IF(OR(E34="""",F34<>""Barang Datang""), """", IFERROR( INDEX( SORT( FILTER(Jadwal!F:F, Jadwal!C:C=E34), FILTER(Jadwal!E:E, Jadwal!C:C=E34), FALSE ), 1 ), ""TIDAK ADA JADWAL"" ) )"),"") | H34: =if(and(J34="",K34="",G34=""),"", SUM(J34:K34))
A35: =IF(D35<>"",ROW(D35)-ROW($D$1),"") | B35: =IF(D35<>"",TODAY(),"") | C35: =IF(AND(D35<>"",A35<>"",B35<>""),NOW(),"") | E35: {=XLOOKUP(D35,'Master Barang'!B:B,'Master Barang'!C:C,,0)} | G35: =IFERROR(__xludf.DUMMYFUNCTION("IF(OR(E35="""",F35<>""Barang Datang""), """", IFERROR( INDEX( SORT( FILTER(Jadwal!F:F, Jadwal!C:C=E35), FILTER(Jadwal!E:E, Jadwal!C:C=E35), FALSE ), 1 ), ""TIDAK ADA JADWAL"" ) )"),"") | H35: =if(and(J35="",K35="",G35=""),"", SUM(J35:K35))
A36: =IF(D36<>"",ROW(D36)-ROW($D$1),"") | B36: =IF(D36<>"",TODAY(),"") | C36: =IF(AND(D36<>"",A36<>"",B36<>""),NOW(),"") | E36: {=XLOOKUP(D36,'Master Barang'!B:B,'Master Barang'!C:C,,0)} | G36: =IFERROR(__xludf.DUMMYFUNCTION("IF(OR(E36="""",F36<>""Barang Datang""), """", IFERROR( INDEX( SORT( FILTER(Jadwal!F:F, Jadwal!C:C=E36), FILTER(Jadwal!E:E, Jadwal!C:C=E36), FALSE ), 1 ), ""TIDAK ADA JADWAL"" ) )"),"") | H36: =if(and(J36="",K36="",G36=""),"", SUM(J36:K36))
A37: =IF(D37<>"",ROW(D37)-ROW($D$1),"") | B37: =IF(D37<>"",TODAY(),"") | C37: =IF(AND(D37<>"",A37<>"",B37<>""),NOW(),"") | E37: {=XLOOKUP(D37,'Master Barang'!B:B,'Master Barang'!C:C,,0)} | G37: =IFERROR(__xludf.DUMMYFUNCTION("IF(OR(E37="""",F37<>""Barang Datang""), """", IFERROR( INDEX( SORT( FILTER(Jadwal!F:F, Jadwal!C:C=E37), FILTER(Jadwal!E:E, Jadwal!C:C=E37), FALSE ), 1 ), ""TIDAK ADA JADWAL"" ) )"),"") | H37: =if(and(J37="",K37="",G37=""),"", SUM(J37:K37))
A38: =IF(D38<>"",ROW(D38)-ROW($D$1),"") | B38: =IF(D38<>"",TODAY(),"") | C38: =IF(AND(D38<>"",A38<>"",B38<>""),NOW(),"") | E38: {=XLOOKUP(D38,'Master Barang'!B:B,'Master Barang'!C:C,,0)} | G38: =IFERROR(__xludf.DUMMYFUNCTION("IF(OR(E38="""",F38<>""Barang Datang""), """", IFERROR( INDEX( SORT( FILTER(Jadwal!F:F, Jadwal!C:C=E38), FILTER(Jadwal!E:E, Jadwal!C:C=E38), FALSE ), 1 ), ""TIDAK ADA JADWAL"" ) )"),"") | H38: =if(and(J38="",K38="",G38=""),"", SUM(J38:K38))
A39: =IF(D39<>"",ROW(D39)-ROW($D$1),"") | B39: =IF(D39<>"",TODAY(),"") | C39: =IF(AND(D39<>"",A39<>"",B39<>""),NOW(),"") | E39: {=XLOOKUP(D39,'Master Barang'!B:B,'Master Barang'!C:C,,0)} | G39: =IFERROR(__xludf.DUMMYFUNCTION("IF(OR(E39="""",F39<>""Barang Datang""), """", IFERROR( INDEX( SORT( FILTER(Jadwal!F:F, Jadwal!C:C=E39), FILTER(Jadwal!E:E, Jadwal!C:C=E39), FALSE ), 1 ), ""TIDAK ADA JADWAL"" ) )"),"") | H39: =if(and(J39="",K39="",G39=""),"", SUM(J39:K39))
A40: =IF(D40<>"",ROW(D40)-ROW($D$1),"") | B40: =IF(D40<>"",TODAY(),"") | C40: =IF(AND(D40<>"",A40<>"",B40<>""),NOW(),"") | E40: {=XLOOKUP(D40,'Master Barang'!B:B,'Master Barang'!C:C,,0)} | G40: =IFERROR(__xludf.DUMMYFUNCTION("IF(OR(E40="""",F40<>""Barang Datang""), """", IFERROR( INDEX( SORT( FILTER(Jadwal!F:F, Jadwal!C:C=E40), FILTER(Jadwal!E:E, Jadwal!C:C=E40), FALSE ), 1 ), ""TIDAK ADA JADWAL"" ) )"),"") | H40: =if(and(J40="",K40="",G40=""),"", SUM(J40:K40))
A41: =IF(D41<>"",ROW(D41)-ROW($D$1),"") | B41: =IF(D41<>"",TODAY(),"") | C41: =IF(AND(D41<>"",A41<>"",B41<>""),NOW(),"") | E41: {=XLOOKUP(D41,'Master Barang'!B:B,'Master Barang'!C:C,,0)} | G41: =IFERROR(__xludf.DUMMYFUNCTION("IF(OR(E41="""",F41<>""Barang Datang""), """", IFERROR( INDEX( SORT( FILTER(Jadwal!F:F, Jadwal!C:C=E41), FILTER(Jadwal!E:E, Jadwal!C:C=E41), FALSE ), 1 ), ""TIDAK ADA JADWAL"" ) )"),"") | H41: =if(and(J41="",K41="",G41=""),"", SUM(J41:K41))
A42: =IF(D42<>"",ROW(D42)-ROW($D$1),"") | B42: =IF(D42<>"",TODAY(),"") | C42: =IF(AND(D42<>"",A42<>"",B42<>""),NOW(),"") | E42: {=XLOOKUP(D42,'Master Barang'!B:B,'Master Barang'!C:C,,0)} | G42: =IFERROR(__xludf.DUMMYFUNCTION("IF(OR(E42="""",F42<>""Barang Datang""), """", IFERROR( INDEX( SORT( FILTER(Jadwal!F:F, Jadwal!C:C=E42), FILTER(Jadwal!E:E, Jadwal!C:C=E42), FALSE ), 1 ), ""TIDAK ADA JADWAL"" ) )"),"") | H42: =if(and(J42="",K42="",G42=""),"", SUM(J42:K42))
A43: =IF(D43<>"",ROW(D43)-ROW($D$1),"") | B43: =IF(D43<>"",TODAY(),"") | C43: =IF(AND(D43<>"",A43<>"",B43<>""),NOW(),"") | E43: {=XLOOKUP(D43,'Master Barang'!B:B,'Master Barang'!C:C,,0)} | G43: =IFERROR(__xludf.DUMMYFUNCTION("IF(OR(E43="""",F43<>""Barang Datang""), """", IFERROR( INDEX( SORT( FILTER(Jadwal!F:F, Jadwal!C:C=E43), FILTER(Jadwal!E:E, Jadwal!C:C=E43), FALSE ), 1 ), ""TIDAK ADA JADWAL"" ) )"),"") | H43: =if(and(J43="",K43="",G43=""),"", SUM(J43:K43))
A44: =IF(D44<>"",ROW(D44)-ROW($D$1),"") | B44: =IF(D44<>"",TODAY(),"") | C44: =IF(AND(D44<>"",A44<>"",B44<>""),NOW(),"") | E44: {=XLOOKUP(D44,'Master Barang'!B:B,'Master Barang'!C:C,,0)} | G44: =IFERROR(__xludf.DUMMYFUNCTION("IF(OR(E44="""",F44<>""Barang Datang""), """", IFERROR( INDEX( SORT( FILTER(Jadwal!F:F, Jadwal!C:C=E44), FILTER(Jadwal!E:E, Jadwal!C:C=E44), FALSE ), 1 ), ""TIDAK ADA JADWAL"" ) )"),"") | H44: =if(and(J44="",K44="",G44=""),"", SUM(J44:K44))
A45: =IF(D45<>"",ROW(D45)-ROW($D$1),"") | B45: =IF(D45<>"",TODAY(),"") | C45: =IF(AND(D45<>"",A45<>"",B45<>""),NOW(),"") | E45: {=XLOOKUP(D45,'Master Barang'!B:B,'Master Barang'!C:C,,0)} | G45: =IFERROR(__xludf.DUMMYFUNCTION("IF(OR(E45="""",F45<>""Barang Datang""), """", IFERROR( INDEX( SORT( FILTER(Jadwal!F:F, Jadwal!C:C=E45), FILTER(Jadwal!E:E, Jadwal!C:C=E45), FALSE ), 1 ), ""TIDAK ADA JADWAL"" ) )"),"") | H45: =if(and(J45="",K45="",G45=""),"", SUM(J45:K45))
A46: =IF(D46<>"",ROW(D46)-ROW($D$1),"") | B46: =IF(D46<>"",TODAY(),"") | C46: =IF(AND(D46<>"",A46<>"",B46<>""),NOW(),"") | E46: {=XLOOKUP(D46,'Master Barang'!B:B,'Master Barang'!C:C,,0)} | G46: =IFERROR(__xludf.DUMMYFUNCTION("IF(OR(E46="""",F46<>""Barang Datang""), """", IFERROR( INDEX( SORT( FILTER(Jadwal!F:F, Jadwal!C:C=E46), FILTER(Jadwal!E:E, Jadwal!C:C=E46), FALSE ), 1 ), ""TIDAK ADA JADWAL"" ) )"),"") | H46: =if(and(J46="",K46="",G46=""),"", SUM(J46:K46))
A47: =IF(D47<>"",ROW(D47)-ROW($D$1),"") | B47: =IF(D47<>"",TODAY(),"") | C47: =IF(AND(D47<>"",A47<>"",B47<>""),NOW(),"") | E47: {=XLOOKUP(D47,'Master Barang'!B:B,'Master Barang'!C:C,,0)} | G47: =IFERROR(__xludf.DUMMYFUNCTION("IF(OR(E47="""",F47<>""Barang Datang""), """", IFERROR( INDEX( SORT( FILTER(Jadwal!F:F, Jadwal!C:C=E47), FILTER(Jadwal!E:E, Jadwal!C:C=E47), FALSE ), 1 ), ""TIDAK ADA JADWAL"" ) )"),"") | H47: =if(and(J47="",K47="",G47=""),"", SUM(J47:K47))
A48: =IF(D48<>"",ROW(D48)-ROW($D$1),"") | B48: =IF(D48<>"",TODAY(),"") | C48: =IF(AND(D48<>"",A48<>"",B48<>""),NOW(),"") | E48: {=XLOOKUP(D48,'Master Barang'!B:B,'Master Barang'!C:C,,0)} | G48: =IFERROR(__xludf.DUMMYFUNCTION("IF(OR(E48="""",F48<>""Barang Datang""), """", IFERROR( INDEX( SORT( FILTER(Jadwal!F:F, Jadwal!C:C=E48), FILTER(Jadwal!E:E, Jadwal!C:C=E48), FALSE ), 1 ), ""TIDAK ADA JADWAL"" ) )"),"") | H48: =if(and(J48="",K48="",G48=""),"", SUM(J48:K48))
A49: =IF(D49<>"",ROW(D49)-ROW($D$1),"") | B49: =IF(D49<>"",TODAY(),"") | C49: =IF(AND(D49<>"",A49<>"",B49<>""),NOW(),"") | E49: {=XLOOKUP(D49,'Master Barang'!B:B,'Master Barang'!C:C,,0)} | G49: =IFERROR(__xludf.DUMMYFUNCTION("IF(OR(E49="""",F49<>""Barang Datang""), """", IFERROR( INDEX( SORT( FILTER(Jadwal!F:F, Jadwal!C:C=E49), FILTER(Jadwal!E:E, Jadwal!C:C=E49), FALSE ), 1 ), ""TIDAK ADA JADWAL"" ) )"),"") | H49: =if(and(J49="",K49="",G49=""),"", SUM(J49:K49))
A50: =IF(D50<>"",ROW(D50)-ROW($D$1),"") | B50: =IF(D50<>"",TODAY(),"") | C50: =IF(AND(D50<>"",A50<>"",B50<>""),NOW(),"") | E50: {=XLOOKUP(D50,'Master Barang'!B:B,'Master Barang'!C:C,,0)} | G50: =IFERROR(__xludf.DUMMYFUNCTION("IF(OR(E50="""",F50<>""Barang Datang""), """", IFERROR( INDEX( SORT( FILTER(Jadwal!F:F, Jadwal!C:C=E50), FILTER(Jadwal!E:E, Jadwal!C:C=E50), FALSE ), 1 ), ""TIDAK ADA JADWAL"" ) )"),"") | H50: =if(and(J50="",K50="",G50=""),"", SUM(J50:K50))
A51: =IF(D51<>"",ROW(D51)-ROW($D$1),"") | B51: =IF(D51<>"",TODAY(),"") | C51: =IF(AND(D51<>"",A51<>"",B51<>""),NOW(),"") | E51: {=XLOOKUP(D51,'Master Barang'!B:B,'Master Barang'!C:C,,0)} | G51: =IFERROR(__xludf.DUMMYFUNCTION("IF(OR(E51="""",F51<>""Barang Datang""), """", IFERROR( INDEX( SORT( FILTER(Jadwal!F:F, Jadwal!C:C=E51), FILTER(Jadwal!E:E, Jadwal!C:C=E51), FALSE ), 1 ), ""TIDAK ADA JADWAL"" ) )"),"") | H51: =if(and(J51="",K51="",G51=""),"", SUM(J51:K51))
A52: =IF(D52<>"",ROW(D52)-ROW($D$1),"") | B52: =IF(D52<>"",TODAY(),"") | C52: =IF(AND(D52<>"",A52<>"",B52<>""),NOW(),"") | E52: {=XLOOKUP(D52,'Master Barang'!B:B,'Master Barang'!C:C,,0)} | G52: =IFERROR(__xludf.DUMMYFUNCTION("IF(OR(E52="""",F52<>""Barang Datang""), """", IFERROR( INDEX( SORT( FILTER(Jadwal!F:F, Jadwal!C:C=E52), FILTER(Jadwal!E:E, Jadwal!C:C=E52), FALSE ), 1 ), ""TIDAK ADA JADWAL"" ) )"),"") | H52: =if(and(J52="",K52="",G52=""),"", SUM(J52:K52))
A53: =IF(D53<>"",ROW(D53)-ROW($D$1),"") | B53: =IF(D53<>"",TODAY(),"") | C53: =IF(AND(D53<>"",A53<>"",B53<>""),NOW(),"") | E53: {=XLOOKUP(D53,'Master Barang'!B:B,'Master Barang'!C:C,,0)} | G53: =IFERROR(__xludf.DUMMYFUNCTION("IF(OR(E53="""",F53<>""Barang Datang""), """", IFERROR( INDEX( SORT( FILTER(Jadwal!F:F, Jadwal!C:C=E53), FILTER(Jadwal!E:E, Jadwal!C:C=E53), FALSE ), 1 ), ""TIDAK ADA JADWAL"" ) )"),"") | H53: =if(and(J53="",K53="",G53=""),"", SUM(J53:K53))
A54: =IF(D54<>"",ROW(D54)-ROW($D$1),"") | B54: =IF(D54<>"",TODAY(),"") | C54: =IF(AND(D54<>"",A54<>"",B54<>""),NOW(),"") | E54: {=XLOOKUP(D54,'Master Barang'!B:B,'Master Barang'!C:C,,0)} | G54: =IFERROR(__xludf.DUMMYFUNCTION("IF(OR(E54="""",F54<>""Barang Datang""), """", IFERROR( INDEX( SORT( FILTER(Jadwal!F:F, Jadwal!C:C=E54), FILTER(Jadwal!E:E, Jadwal!C:C=E54), FALSE ), 1 ), ""TIDAK ADA JADWAL"" ) )"),"") | H54: =if(and(J54="",K54="",G54=""),"", SUM(J54:K54))
A55: =IF(D55<>"",ROW(D55)-ROW($D$1),"") | B55: =IF(D55<>"",TODAY(),"") | C55: =IF(AND(D55<>"",A55<>"",B55<>""),NOW(),"") | E55: {=XLOOKUP(D55,'Master Barang'!B:B,'Master Barang'!C:C,,0)} | G55: =IFERROR(__xludf.DUMMYFUNCTION("IF(OR(E55="""",F55<>""Barang Datang""), """", IFERROR( INDEX( SORT( FILTER(Jadwal!F:F, Jadwal!C:C=E55), FILTER(Jadwal!E:E, Jadwal!C:C=E55), FALSE ), 1 ), ""TIDAK ADA JADWAL"" ) )"),"") | H55: =if(and(J55="",K55="",G55=""),"", SUM(J55:K55))
A56: =IF(D56<>"",ROW(D56)-ROW($D$1),"") | B56: =IF(D56<>"",TODAY(),"") | C56: =IF(AND(D56<>"",A56<>"",B56<>""),NOW(),"") | E56: {=XLOOKUP(D56,'Master Barang'!B:B,'Master Barang'!C:C,,0)} | G56: =IFERROR(__xludf.DUMMYFUNCTION("IF(OR(E56="""",F56<>""Barang Datang""), """", IFERROR( INDEX( SORT( FILTER(Jadwal!F:F, Jadwal!C:C=E56), FILTER(Jadwal!E:E, Jadwal!C:C=E56), FALSE ), 1 ), ""TIDAK ADA JADWAL"" ) )"),"") | H56: =if(and(J56="",K56="",G56=""),"", SUM(J56:K56))
A57: =IF(D57<>"",ROW(D57)-ROW($D$1),"") | B57: =IF(D57<>"",TODAY(),"") | C57: =IF(AND(D57<>"",A57<>"",B57<>""),NOW(),"") | E57: {=XLOOKUP(D57,'Master Barang'!B:B,'Master Barang'!C:C,,0)} | G57: =IFERROR(__xludf.DUMMYFUNCTION("IF(OR(E57="""",F57<>""Barang Datang""), """", IFERROR( INDEX( SORT( FILTER(Jadwal!F:F, Jadwal!C:C=E57), FILTER(Jadwal!E:E, Jadwal!C:C=E57), FALSE ), 1 ), ""TIDAK ADA JADWAL"" ) )"),"") | H57: =if(and(J57="",K57="",G57=""),"", SUM(J57:K57))
A58: =IF(D58<>"",ROW(D58)-ROW($D$1),"") | B58: =IF(D58<>"",TODAY(),"") | C58: =IF(AND(D58<>"",A58<>"",B58<>""),NOW(),"") | E58: {=XLOOKUP(D58,'Master Barang'!B:B,'Master Barang'!C:C,,0)} | G58: =IFERROR(__xludf.DUMMYFUNCTION("IF(OR(E58="""",F58<>""Barang Datang""), """", IFERROR( INDEX( SORT( FILTER(Jadwal!F:F, Jadwal!C:C=E58), FILTER(Jadwal!E:E, Jadwal!C:C=E58), FALSE ), 1 ), ""TIDAK ADA JADWAL"" ) )"),"") | H58: =if(and(J58="",K58="",G58=""),"", SUM(J58:K58))
A59: =IF(D59<>"",ROW(D59)-ROW($D$1),"") | B59: =IF(D59<>"",TODAY(),"") | C59: =IF(AND(D59<>"",A59<>"",B59<>""),NOW(),"") | E59: {=XLOOKUP(D59,'Master Barang'!B:B,'Master Barang'!C:C,,0)} | G59: =IFERROR(__xludf.DUMMYFUNCTION("IF(OR(E59="""",F59<>""Barang Datang""), """", IFERROR( INDEX( SORT( FILTER(Jadwal!F:F, Jadwal!C:C=E59), FILTER(Jadwal!E:E, Jadwal!C:C=E59), FALSE ), 1 ), ""TIDAK ADA JADWAL"" ) )"),"") | H59: =if(and(J59="",K59="",G59=""),"", SUM(J59:K59))
A60: =IF(D60<>"",ROW(D60)-ROW($D$1),"") | B60: =IF(D60<>"",TODAY(),"") | C60: =IF(AND(D60<>"",A60<>"",B60<>""),NOW(),"") | E60: {=XLOOKUP(D60,'Master Barang'!B:B,'Master Barang'!C:C,,0)} | G60: =IFERROR(__xludf.DUMMYFUNCTION("IF(OR(E60="""",F60<>""Barang Datang""), """", IFERROR( INDEX( SORT( FILTER(Jadwal!F:F, Jadwal!C:C=E60), FILTER(Jadwal!E:E, Jadwal!C:C=E60), FALSE ), 1 ), ""TIDAK ADA JADWAL"" ) )"),"") | H60: =if(and(J60="",K60="",G60=""),"", SUM(J60:K60))
A61: =IF(D61<>"",ROW(D61)-ROW($D$1),"") | B61: =IF(D61<>"",TODAY(),"") | C61: =IF(AND(D61<>"",A61<>"",B61<>""),NOW(),"") | E61: {=XLOOKUP(D61,'Master Barang'!B:B,'Master Barang'!C:C,,0)} | G61: =IFERROR(__xludf.DUMMYFUNCTION("IF(OR(E61="""",F61<>""Barang Datang""), """", IFERROR( INDEX( SORT( FILTER(Jadwal!F:F, Jadwal!C:C=E61), FILTER(Jadwal!E:E, Jadwal!C:C=E61), FALSE ), 1 ), ""TIDAK ADA JADWAL"" ) )"),"") | H61: =if(and(J61="",K61="",G61=""),"", SUM(J61:K61))
A62: =IF(D62<>"",ROW(D62)-ROW($D$1),"") | B62: =IF(D62<>"",TODAY(),"") | C62: =IF(AND(D62<>"",A62<>"",B62<>""),NOW(),"") | E62: {=XLOOKUP(D62,'Master Barang'!B:B,'Master Barang'!C:C,,0)} | G62: =IFERROR(__xludf.DUMMYFUNCTION("IF(OR(E62="""",F62<>""Barang Datang""), """", IFERROR( INDEX( SORT( FILTER(Jadwal!F:F, Jadwal!C:C=E62), FILTER(Jadwal!E:E, Jadwal!C:C=E62), FALSE ), 1 ), ""TIDAK ADA JADWAL"" ) )"),"") | H62: =if(and(J62="",K62="",G62=""),"", SUM(J62:K62))
A63: =IF(D63<>"",ROW(D63)-ROW($D$1),"") | B63: =IF(D63<>"",TODAY(),"") | C63: =IF(AND(D63<>"",A63<>"",B63<>""),NOW(),"") | E63: {=XLOOKUP(D63,'Master Barang'!B:B,'Master Barang'!C:C,,0)} | G63: =IFERROR(__xludf.DUMMYFUNCTION("IF(OR(E63="""",F63<>""Barang Datang""), """", IFERROR( INDEX( SORT( FILTER(Jadwal!F:F, Jadwal!C:C=E63), FILTER(Jadwal!E:E, Jadwal!C:C=E63), FALSE ), 1 ), ""TIDAK ADA JADWAL"" ) )"),"") | H63: =if(and(J63="",K63="",G63=""),"", SUM(J63:K63))
A64: =IF(D64<>"",ROW(D64)-ROW($D$1),"") | B64: =IF(D64<>"",TODAY(),"") | C64: =IF(AND(D64<>"",A64<>"",B64<>""),NOW(),"") | E64: {=XLOOKUP(D64,'Master Barang'!B:B,'Master Barang'!C:C,,0)} | G64: =IFERROR(__xludf.DUMMYFUNCTION("IF(OR(E64="""",F64<>""Barang Datang""), """", IFERROR( INDEX( SORT( FILTER(Jadwal!F:F, Jadwal!C:C=E64), FILTER(Jadwal!E:E, Jadwal!C:C=E64), FALSE ), 1 ), ""TIDAK ADA JADWAL"" ) )"),"") | H64: =if(and(J64="",K64="",G64=""),"", SUM(J64:K64))
A65: =IF(D65<>"",ROW(D65)-ROW($D$1),"") | B65: =IF(D65<>"",TODAY(),"") | C65: =IF(AND(D65<>"",A65<>"",B65<>""),NOW(),"") | E65: {=XLOOKUP(D65,'Master Barang'!B:B,'Master Barang'!C:C,,0)} | G65: =IFERROR(__xludf.DUMMYFUNCTION("IF(OR(E65="""",F65<>""Barang Datang""), """", IFERROR( INDEX( SORT( FILTER(Jadwal!F:F, Jadwal!C:C=E65), FILTER(Jadwal!E:E, Jadwal!C:C=E65), FALSE ), 1 ), ""TIDAK ADA JADWAL"" ) )"),"") | H65: =if(and(J65="",K65="",G65=""),"", SUM(J65:K65))
A66: =IF(D66<>"",ROW(D66)-ROW($D$1),"") | B66: =IF(D66<>"",TODAY(),"") | C66: =IF(AND(D66<>"",A66<>"",B66<>""),NOW(),"") | E66: {=XLOOKUP(D66,'Master Barang'!B:B,'Master Barang'!C:C,,0)} | G66: =IFERROR(__xludf.DUMMYFUNCTION("IF(OR(E66="""",F66<>""Barang Datang""), """", IFERROR( INDEX( SORT( FILTER(Jadwal!F:F, Jadwal!C:C=E66), FILTER(Jadwal!E:E, Jadwal!C:C=E66), FALSE ), 1 ), ""TIDAK ADA JADWAL"" ) )"),"") | H66: =if(and(J66="",K66="",G66=""),"", SUM(J66:K66))
A67: =IF(D67<>"",ROW(D67)-ROW($D$1),"") | B67: =IF(D67<>"",TODAY(),"") | C67: =IF(AND(D67<>"",A67<>"",B67<>""),NOW(),"") | E67: {=XLOOKUP(D67,'Master Barang'!B:B,'Master Barang'!C:C,,0)} | G67: =IFERROR(__xludf.DUMMYFUNCTION("IF(OR(E67="""",F67<>""Barang Datang""), """", IFERROR( INDEX( SORT( FILTER(Jadwal!F:F, Jadwal!C:C=E67), FILTER(Jadwal!E:E, Jadwal!C:C=E67), FALSE ), 1 ), ""TIDAK ADA JADWAL"" ) )"),"") | H67: =if(and(J67="",K67="",G67=""),"", SUM(J67:K67))
A68: =IF(D68<>"",ROW(D68)-ROW($D$1),"") | B68: =IF(D68<>"",TODAY(),"") | C68: =IF(AND(D68<>"",A68<>"",B68<>""),NOW(),"") | E68: {=XLOOKUP(D68,'Master Barang'!B:B,'Master Barang'!C:C,,0)} | G68: =IFERROR(__xludf.DUMMYFUNCTION("IF(OR(E68="""",F68<>""Barang Datang""), """", IFERROR( INDEX( SORT( FILTER(Jadwal!F:F, Jadwal!C:C=E68), FILTER(Jadwal!E:E, Jadwal!C:C=E68), FALSE ), 1 ), ""TIDAK ADA JADWAL"" ) )"),"") | H68: =if(and(J68="",K68="",G68=""),"", SUM(J68:K68))
A69: =IF(D69<>"",ROW(D69)-ROW($D$1),"") | B69: =IF(D69<>"",TODAY(),"") | C69: =IF(AND(D69<>"",A69<>"",B69<>""),NOW(),"") | E69: {=XLOOKUP(D69,'Master Barang'!B:B,'Master Barang'!C:C,,0)} | G69: =IFERROR(__xludf.DUMMYFUNCTION("IF(OR(E69="""",F69<>""Barang Datang""), """", IFERROR( INDEX( SORT( FILTER(Jadwal!F:F, Jadwal!C:C=E69), FILTER(Jadwal!E:E, Jadwal!C:C=E69), FALSE ), 1 ), ""TIDAK ADA JADWAL"" ) )"),"") | H69: =if(and(J69="",K69="",G69=""),"", SUM(J69:K69))
A70: =IF(D70<>"",ROW(D70)-ROW($D$1),"") | B70: =IF(D70<>"",TODAY(),"") | C70: =IF(AND(D70<>"",A70<>"",B70<>""),NOW(),"") | E70: {=XLOOKUP(D70,'Master Barang'!B:B,'Master Barang'!C:C,,0)} | G70: =IFERROR(__xludf.DUMMYFUNCTION("IF(OR(E70="""",F70<>""Barang Datang""), """", IFERROR( INDEX( SORT( FILTER(Jadwal!F:F, Jadwal!C:C=E70), FILTER(Jadwal!E:E, Jadwal!C:C=E70), FALSE ), 1 ), ""TIDAK ADA JADWAL"" ) )"),"") | H70: =if(and(J70="",K70="",G70=""),"", SUM(J70:K70))
A71: =IF(D71<>"",ROW(D71)-ROW($D$1),"") | B71: =IF(D71<>"",TODAY(),"") | C71: =IF(AND(D71<>"",A71<>"",B71<>""),NOW(),"") | E71: {=XLOOKUP(D71,'Master Barang'!B:B,'Master Barang'!C:C,,0)} | G71: =IFERROR(__xludf.DUMMYFUNCTION("IF(OR(E71="""",F71<>""Barang Datang""), """", IFERROR( INDEX( SORT( FILTER(Jadwal!F:F, Jadwal!C:C=E71), FILTER(Jadwal!E:E, Jadwal!C:C=E71), FALSE ), 1 ), ""TIDAK ADA JADWAL"" ) )"),"") | H71: =if(and(J71="",K71="",G71=""),"", SUM(J71:K71))
A72: =IF(D72<>"",ROW(D72)-ROW($D$1),"") | B72: =IF(D72<>"",TODAY(),"") | C72: =IF(AND(D72<>"",A72<>"",B72<>""),NOW(),"") | E72: {=XLOOKUP(D72,'Master Barang'!B:B,'Master Barang'!C:C,,0)} | G72: =IFERROR(__xludf.DUMMYFUNCTION("IF(OR(E72="""",F72<>""Barang Datang""), """", IFERROR( INDEX( SORT( FILTER(Jadwal!F:F, Jadwal!C:C=E72), FILTER(Jadwal!E:E, Jadwal!C:C=E72), FALSE ), 1 ), ""TIDAK ADA JADWAL"" ) )"),"") | H72: =if(and(J72="",K72="",G72=""),"", SUM(J72:K72))
A73: =IF(D73<>"",ROW(D73)-ROW($D$1),"") | B73: =IF(D73<>"",TODAY(),"") | C73: =IF(AND(D73<>"",A73<>"",B73<>""),NOW(),"") | E73: {=XLOOKUP(D73,'Master Barang'!B:B,'Master Barang'!C:C,,0)} | G73: =IFERROR(__xludf.DUMMYFUNCTION("IF(OR(E73="""",F73<>""Barang Datang""), """", IFERROR( INDEX( SORT( FILTER(Jadwal!F:F, Jadwal!C:C=E73), FILTER(Jadwal!E:E, Jadwal!C:C=E73), FALSE ), 1 ), ""TIDAK ADA JADWAL"" ) )"),"") | H73: =if(and(J73="",K73="",G73=""),"", SUM(J73:K73))
A74: =IF(D74<>"",ROW(D74)-ROW($D$1),"") | B74: =IF(D74<>"",TODAY(),"") | C74: =IF(AND(D74<>"",A74<>"",B74<>""),NOW(),"") | E74: {=XLOOKUP(D74,'Master Barang'!B:B,'Master Barang'!C:C,,0)} | G74: =IFERROR(__xludf.DUMMYFUNCTION("IF(OR(E74="""",F74<>""Barang Datang""), """", IFERROR( INDEX( SORT( FILTER(Jadwal!F:F, Jadwal!C:C=E74), FILTER(Jadwal!E:E, Jadwal!C:C=E74), FALSE ), 1 ), ""TIDAK ADA JADWAL"" ) )"),"") | H74: =if(and(J74="",K74="",G74=""),"", SUM(J74:K74))
A75: =IF(D75<>"",ROW(D75)-ROW($D$1),"") | B75: =IF(D75<>"",TODAY(),"") | C75: =IF(AND(D75<>"",A75<>"",B75<>""),NOW(),"") | E75: {=XLOOKUP(D75,'Master Barang'!B:B,'Master Barang'!C:C,,0)} | G75: =IFERROR(__xludf.DUMMYFUNCTION("IF(OR(E75="""",F75<>""Barang Datang""), """", IFERROR( INDEX( SORT( FILTER(Jadwal!F:F, Jadwal!C:C=E75), FILTER(Jadwal!E:E, Jadwal!C:C=E75), FALSE ), 1 ), ""TIDAK ADA JADWAL"" ) )"),"") | H75: =if(and(J75="",K75="",G75=""),"", SUM(J75:K75))
A76: =IF(D76<>"",ROW(D76)-ROW($D$1),"") | B76: =IF(D76<>"",TODAY(),"") | C76: =IF(AND(D76<>"",A76<>"",B76<>""),NOW(),"") | E76: {=XLOOKUP(D76,'Master Barang'!B:B,'Master Barang'!C:C,,0)} | G76: =IFERROR(__xludf.DUMMYFUNCTION("IF(OR(E76="""",F76<>""Barang Datang""), """", IFERROR( INDEX( SORT( FILTER(Jadwal!F:F, Jadwal!C:C=E76), FILTER(Jadwal!E:E, Jadwal!C:C=E76), FALSE ), 1 ), ""TIDAK ADA JADWAL"" ) )"),"") | H76: =if(and(J76="",K76="",G76=""),"", SUM(J76:K76))
A77: =IF(D77<>"",ROW(D77)-ROW($D$1),"") | B77: =IF(D77<>"",TODAY(),"") | C77: =IF(AND(D77<>"",A77<>"",B77<>""),NOW(),"") | E77: {=XLOOKUP(D77,'Master Barang'!B:B,'Master Barang'!C:C,,0)} | G77: =IFERROR(__xludf.DUMMYFUNCTION("IF(OR(E77="""",F77<>""Barang Datang""), """", IFERROR( INDEX( SORT( FILTER(Jadwal!F:F, Jadwal!C:C=E77), FILTER(Jadwal!E:E, Jadwal!C:C=E77), FALSE ), 1 ), ""TIDAK ADA JADWAL"" ) )"),"") | H77: =if(and(J77="",K77="",G77=""),"", SUM(J77:K77))
A78: =IF(D78<>"",ROW(D78)-ROW($D$1),"") | B78: =IF(D78<>"",TODAY(),"") | C78: =IF(AND(D78<>"",A78<>"",B78<>""),NOW(),"") | E78: {=XLOOKUP(D78,'Master Barang'!B:B,'Master Barang'!C:C,,0)} | G78: =IFERROR(__xludf.DUMMYFUNCTION("IF(OR(E78="""",F78<>""Barang Datang""), """", IFERROR( INDEX( SORT( FILTER(Jadwal!F:F, Jadwal!C:C=E78), FILTER(Jadwal!E:E, Jadwal!C:C=E78), FALSE ), 1 ), ""TIDAK ADA JADWAL"" ) )"),"") | H78: =if(and(J78="",K78="",G78=""),"", SUM(J78:K78))
A79: =IF(D79<>"",ROW(D79)-ROW($D$1),"") | B79: =IF(D79<>"",TODAY(),"") | C79: =IF(AND(D79<>"",A79<>"",B79<>""),NOW(),"") | E79: {=XLOOKUP(D79,'Master Barang'!B:B,'Master Barang'!C:C,,0)} | G79: =IFERROR(__xludf.DUMMYFUNCTION("IF(OR(E79="""",F79<>""Barang Datang""), """", IFERROR( INDEX( SORT( FILTER(Jadwal!F:F, Jadwal!C:C=E79), FILTER(Jadwal!E:E, Jadwal!C:C=E79), FALSE ), 1 ), ""TIDAK ADA JADWAL"" ) )"),"") | H79: =if(and(J79="",K79="",G79=""),"", SUM(J79:K79))
A80: =IF(D80<>"",ROW(D80)-ROW($D$1),"") | B80: =IF(D80<>"",TODAY(),"") | C80: =IF(AND(D80<>"",A80<>"",B80<>""),NOW(),"") | E80: {=XLOOKUP(D80,'Master Barang'!B:B,'Master Barang'!C:C,,0)} | G80: =IFERROR(__xludf.DUMMYFUNCTION("IF(OR(E80="""",F80<>""Barang Datang""), """", IFERROR( INDEX( SORT( FILTER(Jadwal!F:F, Jadwal!C:C=E80), FILTER(Jadwal!E:E, Jadwal!C:C=E80), FALSE ), 1 ), ""TIDAK ADA JADWAL"" ) )"),"") | H80: =if(and(J80="",K80="",G80=""),"", SUM(J80:K80))
A81: =IF(D81<>"",ROW(D81)-ROW($D$1),"") | B81: =IF(D81<>"",TODAY(),"") | C81: =IF(AND(D81<>"",A81<>"",B81<>""),NOW(),"") | E81: {=XLOOKUP(D81,'Master Barang'!B:B,'Master Barang'!C:C,,0)} | G81: =IFERROR(__xludf.DUMMYFUNCTION("IF(OR(E81="""",F81<>""Barang Datang""), """", IFERROR( INDEX( SORT( FILTER(Jadwal!F:F, Jadwal!C:C=E81), FILTER(Jadwal!E:E, Jadwal!C:C=E81), FALSE ), 1 ), ""TIDAK ADA JADWAL"" ) )"),"") | H81: =if(and(J81="",K81="",G81=""),"", SUM(J81:K81))
A82: =IF(D82<>"",ROW(D82)-ROW($D$1),"") | B82: =IF(D82<>"",TODAY(),"") | C82: =IF(AND(D82<>"",A82<>"",B82<>""),NOW(),"") | E82: {=XLOOKUP(D82,'Master Barang'!B:B,'Master Barang'!C:C,,0)} | G82: =IFERROR(__xludf.DUMMYFUNCTION("IF(OR(E82="""",F82<>""Barang Datang""), """", IFERROR( INDEX( SORT( FILTER(Jadwal!F:F, Jadwal!C:C=E82), FILTER(Jadwal!E:E, Jadwal!C:C=E82), FALSE ), 1 ), ""TIDAK ADA JADWAL"" ) )"),"") | H82: =if(and(J82="",K82="",G82=""),"", SUM(J82:K82))
A83: =IF(D83<>"",ROW(D83)-ROW($D$1),"") | B83: =IF(D83<>"",TODAY(),"") | C83: =IF(AND(D83<>"",A83<>"",B83<>""),NOW(),"") | E83: {=XLOOKUP(D83,'Master Barang'!B:B,'Master Barang'!C:C,,0)} | G83: =IFERROR(__xludf.DUMMYFUNCTION("IF(OR(E83="""",F83<>""Barang Datang""), """", IFERROR( INDEX( SORT( FILTER(Jadwal!F:F, Jadwal!C:C=E83), FILTER(Jadwal!E:E, Jadwal!C:C=E83), FALSE ), 1 ), ""TIDAK ADA JADWAL"" ) )"),"") | H83: =if(and(J83="",K83="",G83=""),"", SUM(J83:K83))
A84: =IF(D84<>"",ROW(D84)-ROW($D$1),"") | B84: =IF(D84<>"",TODAY(),"") | C84: =IF(AND(D84<>"",A84<>"",B84<>""),NOW(),"") | E84: {=XLOOKUP(D84,'Master Barang'!B:B,'Master Barang'!C:C,,0)} | G84: =IFERROR(__xludf.DUMMYFUNCTION("IF(OR(E84="""",F84<>""Barang Datang""), """", IFERROR( INDEX( SORT( FILTER(Jadwal!F:F, Jadwal!C:C=E84), FILTER(Jadwal!E:E, Jadwal!C:C=E84), FALSE ), 1 ), ""TIDAK ADA JADWAL"" ) )"),"") | H84: =if(and(J84="",K84="",G84=""),"", SUM(J84:K84))
A85: =IF(D85<>"",ROW(D85)-ROW($D$1),"") | B85: =IF(D85<>"",TODAY(),"") | C85: =IF(AND(D85<>"",A85<>"",B85<>""),NOW(),"") | E85: {=XLOOKUP(D85,'Master Barang'!B:B,'Master Barang'!C:C,,0)} | G85: =IFERROR(__xludf.DUMMYFUNCTION("IF(OR(E85="""",F85<>""Barang Datang""), """", IFERROR( INDEX( SORT( FILTER(Jadwal!F:F, Jadwal!C:C=E85), FILTER(Jadwal!E:E, Jadwal!C:C=E85), FALSE ), 1 ), ""TIDAK ADA JADWAL"" ) )"),"") | H85: =if(and(J85="",K85="",G85=""),"", SUM(J85:K85))
A86: =IF(D86<>"",ROW(D86)-ROW($D$1),"") | B86: =IF(D86<>"",TODAY(),"") | C86: =IF(AND(D86<>"",A86<>"",B86<>""),NOW(),"") | E86: {=XLOOKUP(D86,'Master Barang'!B:B,'Master Barang'!C:C,,0)} | G86: =IFERROR(__xludf.DUMMYFUNCTION("IF(OR(E86="""",F86<>""Barang Datang""), """", IFERROR( INDEX( SORT( FILTER(Jadwal!F:F, Jadwal!C:C=E86), FILTER(Jadwal!E:E, Jadwal!C:C=E86), FALSE ), 1 ), ""TIDAK ADA JADWAL"" ) )"),"") | H86: =if(and(J86="",K86="",G86=""),"", SUM(J86:K86))
A87: =IF(D87<>"",ROW(D87)-ROW($D$1),"") | B87: =IF(D87<>"",TODAY(),"") | C87: =IF(AND(D87<>"",A87<>"",B87<>""),NOW(),"") | E87: {=XLOOKUP(D87,'Master Barang'!B:B,'Master Barang'!C:C,,0)} | G87: =IFERROR(__xludf.DUMMYFUNCTION("IF(OR(E87="""",F87<>""Barang Datang""), """", IFERROR( INDEX( SORT( FILTER(Jadwal!F:F, Jadwal!C:C=E87), FILTER(Jadwal!E:E, Jadwal!C:C=E87), FALSE ), 1 ), ""TIDAK ADA JADWAL"" ) )"),"") | H87: =if(and(J87="",K87="",G87=""),"", SUM(J87:K87))
A88: =IF(D88<>"",ROW(D88)-ROW($D$1),"") | B88: =IF(D88<>"",TODAY(),"") | C88: =IF(AND(D88<>"",A88<>"",B88<>""),NOW(),"") | E88: {=XLOOKUP(D88,'Master Barang'!B:B,'Master Barang'!C:C,,0)} | G88: =IFERROR(__xludf.DUMMYFUNCTION("IF(OR(E88="""",F88<>""Barang Datang""), """", IFERROR( INDEX( SORT( FILTER(Jadwal!F:F, Jadwal!C:C=E88), FILTER(Jadwal!E:E, Jadwal!C:C=E88), FALSE ), 1 ), ""TIDAK ADA JADWAL"" ) )"),"") | H88: =if(and(J88="",K88="",G88=""),"", SUM(J88:K88))
A89: =IF(D89<>"",ROW(D89)-ROW($D$1),"") | B89: =IF(D89<>"",TODAY(),"") | C89: =IF(AND(D89<>"",A89<>"",B89<>""),NOW(),"") | E89: {=XLOOKUP(D89,'Master Barang'!B:B,'Master Barang'!C:C,,0)} | G89: =IFERROR(__xludf.DUMMYFUNCTION("IF(OR(E89="""",F89<>""Barang Datang""), """", IFERROR( INDEX( SORT( FILTER(Jadwal!F:F, Jadwal!C:C=E89), FILTER(Jadwal!E:E, Jadwal!C:C=E89), FALSE ), 1 ), ""TIDAK ADA JADWAL"" ) )"),"") | H89: =if(and(J89="",K89="",G89=""),"", SUM(J89:K89))
A90: =IF(D90<>"",ROW(D90)-ROW($D$1),"") | B90: =IF(D90<>"",TODAY(),"") | C90: =IF(AND(D90<>"",A90<>"",B90<>""),NOW(),"") | E90: {=XLOOKUP(D90,'Master Barang'!B:B,'Master Barang'!C:C,,0)} | G90: =IFERROR(__xludf.DUMMYFUNCTION("IF(OR(E90="""",F90<>""Barang Datang""), """", IFERROR( INDEX( SORT( FILTER(Jadwal!F:F, Jadwal!C:C=E90), FILTER(Jadwal!E:E, Jadwal!C:C=E90), FALSE ), 1 ), ""TIDAK ADA JADWAL"" ) )"),"") | H90: =if(and(J90="",K90="",G90=""),"", SUM(J90:K90))
A91: =IF(D91<>"",ROW(D91)-ROW($D$1),"") | B91: =IF(D91<>"",TODAY(),"") | C91: =IF(AND(D91<>"",A91<>"",B91<>""),NOW(),"") | E91: {=XLOOKUP(D91,'Master Barang'!B:B,'Master Barang'!C:C,,0)} | G91: =IFERROR(__xludf.DUMMYFUNCTION("IF(OR(E91="""",F91<>""Barang Datang""), """", IFERROR( INDEX( SORT( FILTER(Jadwal!F:F, Jadwal!C:C=E91), FILTER(Jadwal!E:E, Jadwal!C:C=E91), FALSE ), 1 ), ""TIDAK ADA JADWAL"" ) )"),"") | H91: =if(and(J91="",K91="",G91=""),"", SUM(J91:K91))
